trial,roc_auc_mean,roc_auc_std,value,n_neighbors,contamination
0,0.9057876725387021,0.03588341435092272,86.99042581877794,8,0.001741962304798201
1,0.9224362274079159,0.01359553420310117,90.88406932048146,17,0.003943387538508594
2,0.9246596888583848,0.013341783985369645,91.13179048730152,12,0.002192807438898302
3,0.9221037805994051,0.013297071853297572,90.88067087461076,18,0.004036866363649483
4,0.9242283421032563,0.015889625100112097,90.83387170031443,11,0.002524473530915243
5,0.921559235110196,0.020880448989515032,90.0678786120681,9,0.0019543156039326447
6,0.9224362274079159,0.01359553420310117,90.88406932048146,17,0.003828941637287708
7,0.9242188095782812,0.014414899204104308,90.98039103741769,16,0.004046911707304223
8,0.9221037805994051,0.013297071853297572,90.88067087461076,18,0.0022831810792939594
9,0.9242188095782812,0.014414899204104308,90.98039103741769,16,0.002549237944861117
10,0.9242164264470373,0.013622790331164224,91.0593636115873,15,0.004077006320113955
11,0.9242283421032563,0.015889625100112097,90.83387170031443,11,0.0030063767914837434
12,0.9224362274079159,0.01359553420310117,90.88406932048146,17,0.0016079339266737856
13,0.9224362274079159,0.01359553420310117,90.88406932048146,17,0.003159761140926283
14,0.9224362274079159,0.01359553420310117,90.88406932048146,17,0.00434678024191228
15,0.9224362274079159,0.01359553420310117,90.88406932048146,17,0.004659853498690177
16,0.9242164264470373,0.013622790331164224,91.0593636115873,15,0.004411785031295262
17,0.792186189277816,0.1478463796279634,64.43398096498527,4,0.0030755867696202785
18,0.8908883360024403,0.0497212629418546,84.11670730605857,7,0.004648539847585942
19,0.9242164264470373,0.013622790331164224,91.0593636115873,15,0.004019566182266266
20,0.9242164264470373,0.013622790331164224,91.0593636115873,15,0.00256296212024071
21,0.9240090940288264,0.02250518996050705,90.15039040683193,10,0.0025562017988835753
22,0.9237731640356898,0.014678497558147754,90.9094666477542,14,0.0019359554353257798
23,0.9242164264470373,0.013622790331164224,91.0593636115873,15,0.003314081527849377
24,0.9257749942804852,0.014413702609255672,91.13612916712295,13,0.004097003643039989
25,0.9242164264470373,0.013622790331164224,91.0593636115873,15,0.003686612841780896
26,0.9246596888583848,0.013341783985369645,91.13179048730152,12,0.003864722945253362
27,0.9246596888583848,0.013341783985369645,91.13179048730152,12,0.00418479474735467
28,0.9242283421032563,0.015889625100112097,90.83387170031443,11,0.004675825907896204
29,0.9242164264470373,0.013622790331164224,91.0593636115873,15,0.004080806271654489
30,0.9242188095782812,0.014414899204104308,90.98039103741769,16,0.0038116120552501025
31,0.9246596888583848,0.013341783985369645,91.13179048730152,12,0.002287716075459103
32,0.9246596888583848,0.013341783985369645,91.13179048730152,12,0.0049941375924646685
33,0.9257749942804852,0.014413702609255672,91.13612916712295,13,0.003986317071158871
34,0.9242164264470373,0.013622790331164224,91.0593636115873,15,0.0037502462171785725
35,0.9240090940288264,0.02250518996050705,90.15039040683193,10,0.003417660808365342
36,0.9246596888583848,0.013341783985369645,91.13179048730152,12,0.00400822434077371
37,0.9242164264470373,0.013622790331164224,91.0593636115873,15,0.003739079117697149
38,0.9257749942804852,0.014413702609255672,91.13612916712295,13,0.0029157517257294386
39,0.9240090940288264,0.02250518996050705,90.15039040683193,10,0.004157282848267744
40,0.9242283421032563,0.015889625100112097,90.83387170031443,11,0.0034930214204766164
41,0.9237731640356898,0.014678497558147754,90.9094666477542,14,0.003483286976078088
42,0.9246596888583848,0.013341783985369645,91.13179048730152,12,0.0033357359006377686
43,0.9237731640356898,0.014678497558147754,90.9094666477542,14,0.0035194784420733015
44,0.9240090940288264,0.02250518996050705,90.15039040683193,10,0.0017429082329547957
45,0.9246596888583848,0.013341783985369645,91.13179048730152,12,0.003063224312722531
46,0.9257749942804852,0.014413702609255672,91.13612916712295,13,0.0037523790687578416
47,0.9246596888583848,0.013341783985369645,91.13179048730152,12,0.0026296822397938813
48,0.9257749942804852,0.014413702609255672,91.13612916712295,13,0.003646962593244407
49,0.9257749942804852,0.014413702609255672,91.13612916712295,13,0.003933089723393625
50,0.9257749942804852,0.014413702609255672,91.13612916712295,13,0.004292632109457586
51,0.9242283421032563,0.015889625100112097,90.83387170031443,11,0.002814133622838787
52,0.9242164264470373,0.013622790331164224,91.0593636115873,15,0.0028790012657969404
53,0.9246596888583848,0.013341783985369645,91.13179048730152,12,0.004019576319272739
54,0.9257749942804852,0.014413702609255672,91.13612916712295,13,0.003327055660747524
55,0.9257749942804852,0.014413702609255672,91.13612916712295,13,0.0040757465034759665
56,0.9246596888583848,0.013341783985369645,91.13179048730152,12,0.003470287890206748
57,0.9246596888583848,0.013341783985369645,91.13179048730152,12,0.0043562008228004295
58,0.9246596888583848,0.013341783985369645,91.13179048730152,12,0.0036994006802834162
59,0.9246596888583848,0.013341783985369645,91.13179048730152,12,0.0032379570810541587
60,0.9257749942804852,0.014413702609255672,91.13612916712295,13,0.004603421236808739
61,0.9257749942804852,0.014413702609255672,91.13612916712295,13,0.00391614360472345
62,0.9257749942804852,0.014413702609255672,91.13612916712295,13,0.0037772887259473124
63,0.9257749942804852,0.014413702609255672,91.13612916712295,13,0.004628570493465423
64,0.9257749942804852,0.014413702609255672,91.13612916712295,13,0.0036749743340472553
65,0.9246596888583848,0.013341783985369645,91.13179048730152,12,0.004191577143148253
66,0.9257749942804852,0.014413702609255672,91.13612916712295,13,0.004296929528122395
67,0.9257749942804852,0.014413702609255672,91.13612916712295,13,0.004128285174370198
68,0.9257749942804852,0.014413702609255672,91.13612916712295,13,0.003631736171527934
69,0.9237731640356898,0.014678497558147754,90.9094666477542,14,0.004189938441476092
70,0.9237731640356898,0.014678497558147754,90.9094666477542,14,0.004248050879349749
71,0.9257749942804852,0.014413702609255672,91.13612916712295,13,0.003917365389612019
72,0.9257749942804852,0.014413702609255672,91.13612916712295,13,0.0036153977853038066
73,0.9257749942804852,0.014413702609255672,91.13612916712295,13,0.0037569338642317123
74,0.9257749942804852,0.014413702609255672,91.13612916712295,13,0.0037644676443795624
75,0.9257749942804852,0.014413702609255672,91.13612916712295,13,0.0035104851331057966
76,0.9257749942804852,0.014413702609255672,91.13612916712295,13,0.0039949079545266485
77,0.9257749942804852,0.014413702609255672,91.13612916712295,13,0.0035305076688905684
78,0.9257749942804852,0.014413702609255672,91.13612916712295,13,0.004063677889020357
79,0.9257749942804852,0.014413702609255672,91.13612916712295,13,0.00399447173763952
80,0.9257749942804852,0.014413702609255672,91.13612916712295,13,0.0036601529259943527
81,0.9257749942804852,0.014413702609255672,91.13612916712295,13,0.0038364046425035394
82,0.9257749942804852,0.014413702609255672,91.13612916712295,13,0.003829181420894116
83,0.9257749942804852,0.014413702609255672,91.13612916712295,13,0.003700477883085745
84,0.9257749942804852,0.014413702609255672,91.13612916712295,13,0.0037869143453675203
85,0.9257749942804852,0.014413702609255672,91.13612916712295,13,0.003966383299625189
86,0.9257749942804852,0.014413702609255672,91.13612916712295,13,0.004183540426388796
87,0.9257749942804852,0.014413702609255672,91.13612916712295,13,0.003964211601326138
88,0.9257749942804852,0.014413702609255672,91.13612916712295,13,0.003843222282163922
89,0.9257749942804852,0.014413702609255672,91.13612916712295,13,0.003887245295544684
90,0.9257749942804852,0.014413702609255672,91.13612916712295,13,0.0035487307194895018
91,0.9257749942804852,0.014413702609255672,91.13612916712295,13,0.0039774241748213625
92,0.9257749942804852,0.014413702609255672,91.13612916712295,13,0.004234765284382474
93,0.9257749942804852,0.014413702609255672,91.13612916712295,13,0.004111247644889273
94,0.9257749942804852,0.014413702609255672,91.13612916712295,13,0.004156084354283127
95,0.9257749942804852,0.014413702609255672,91.13612916712295,13,0.004025780420264986
96,0.9257749942804852,0.014413702609255672,91.13612916712295,13,0.004152577088440781
97,0.9257749942804852,0.014413702609255672,91.13612916712295,13,0.003884282931463854
98,0.9257749942804852,0.014413702609255672,91.13612916712295,13,0.004215489523000117
99,0.9257749942804852,0.014413702609255672,91.13612916712295,13,0.004122121302177014
100,0.9257749942804852,0.014413702609255672,91.13612916712295,13,0.004087041535819038
101,0.9257749942804852,0.014413702609255672,91.13612916712295,13,0.004088342613781797
102,0.9257749942804852,0.014413702609255672,91.13612916712295,13,0.003927181739609401
103,0.9257749942804852,0.014413702609255672,91.13612916712295,13,0.003992690809378427
104,0.9257749942804852,0.014413702609255672,91.13612916712295,13,0.004079360258632729
105,0.9257749942804852,0.014413702609255672,91.13612916712295,13,0.004115726907163271
106,0.9257749942804852,0.014413702609255672,91.13612916712295,13,0.004136328587226701
107,0.9257749942804852,0.014413702609255672,91.13612916712295,13,0.0040232775518538174
108,0.9257749942804852,0.014413702609255672,91.13612916712295,13,0.004053794926966221
109,0.9257749942804852,0.014413702609255672,91.13612916712295,13,0.004009460929255378
110,0.9257749942804852,0.014413702609255672,91.13612916712295,13,0.004069987819287029
111,0.9257749942804852,0.014413702609255672,91.13612916712295,13,0.003882734157501208
112,0.9257749942804852,0.014413702609255672,91.13612916712295,13,0.003951360947734114
113,0.9257749942804852,0.014413702609255672,91.13612916712295,13,0.004063425564681813
114,0.9257749942804852,0.014413702609255672,91.13612916712295,13,0.004006749527280162
115,0.9257749942804852,0.014413702609255672,91.13612916712295,13,0.003975389973534723
116,0.9257749942804852,0.014413702609255672,91.13612916712295,13,0.003993568885025047
117,0.9257749942804852,0.014413702609255672,91.13612916712295,13,0.004035247606388054
118,0.9257749942804852,0.014413702609255672,91.13612916712295,13,0.004022315664822719
119,0.9257749942804852,0.014413702609255672,91.13612916712295,13,0.004025118071967359
120,0.9257749942804852,0.014413702609255672,91.13612916712295,13,0.004002688973748416
121,0.9257749942804852,0.014413702609255672,91.13612916712295,13,0.004026377603266823
122,0.9257749942804852,0.014413702609255672,91.13612916712295,13,0.00392070701254661
123,0.9257749942804852,0.014413702609255672,91.13612916712295,13,0.004010278398316449
124,0.9257749942804852,0.014413702609255672,91.13612916712295,13,0.003951312387281192
125,0.9257749942804852,0.014413702609255672,91.13612916712295,13,0.003972615208695357
126,0.9257749942804852,0.014413702609255672,91.13612916712295,13,0.003934107279657232
127,0.9257749942804852,0.014413702609255672,91.13612916712295,13,0.004010131503557496
128,0.9257749942804852,0.014413702609255672,91.13612916712295,13,0.004004896341208221
129,0.9257749942804852,0.014413702609255672,91.13612916712295,13,0.00401234646608462
130,0.9257749942804852,0.014413702609255672,91.13612916712295,13,0.003993155873828051
131,0.9257749942804852,0.014413702609255672,91.13612916712295,13,0.004003747805966657
132,0.9257749942804852,0.014413702609255672,91.13612916712295,13,0.003996133157933916
133,0.9257749942804852,0.014413702609255672,91.13612916712295,13,0.004020340190502364
134,0.9257749942804852,0.014413702609255672,91.13612916712295,13,0.0039939728463198095
135,0.9257749942804852,0.014413702609255672,91.13612916712295,13,0.004018286779013486
136,0.9257749942804852,0.014413702609255672,91.13612916712295,13,0.00402556598172319
137,0.9257749942804852,0.014413702609255672,91.13612916712295,13,0.004005982752977258
138,0.9257749942804852,0.014413702609255672,91.13612916712295,13,0.00399109271610685
139,0.9257749942804852,0.014413702609255672,91.13612916712295,13,0.004004111637588093
140,0.9257749942804852,0.014413702609255672,91.13612916712295,13,0.004020692710935282
141,0.9257749942804852,0.014413702609255672,91.13612916712295,13,0.003990003162859803
142,0.9257749942804852,0.014413702609255672,91.13612916712295,13,0.004012892486049406
143,0.9257749942804852,0.014413702609255672,91.13612916712295,13,0.004007109293835264
144,0.9257749942804852,0.014413702609255672,91.13612916712295,13,0.0040068471504824165
145,0.9257749942804852,0.014413702609255672,91.13612916712295,13,0.003995832060428901
146,0.9257749942804852,0.014413702609255672,91.13612916712295,13,0.0040156452898317515
147,0.9257749942804852,0.014413702609255672,91.13612916712295,13,0.004001659365478071
148,0.9257749942804852,0.014413702609255672,91.13612916712295,13,0.003996421202438474
149,0.9257749942804852,0.014413702609255672,91.13612916712295,13,0.004022672573407291
150,0.9257749942804852,0.014413702609255672,91.13612916712295,13,0.0040100596362763535
151,0.9257749942804852,0.014413702609255672,91.13612916712295,13,0.003997451912433448
152,0.9257749942804852,0.014413702609255672,91.13612916712295,13,0.004007129210578871
153,0.9257749942804852,0.014413702609255672,91.13612916712295,13,0.004004906152930525
154,0.9257749942804852,0.014413702609255672,91.13612916712295,13,0.004011323059483909
155,0.9257749942804852,0.014413702609255672,91.13612916712295,13,0.003999392935474412
156,0.9257749942804852,0.014413702609255672,91.13612916712295,13,0.003992782112591602
157,0.9257749942804852,0.014413702609255672,91.13612916712295,13,0.004000581782567105
158,0.9257749942804852,0.014413702609255672,91.13612916712295,13,0.003993842957438432
159,0.9257749942804852,0.014413702609255672,91.13612916712295,13,0.003999828608171622
160,0.9257749942804852,0.014413702609255672,91.13612916712295,13,0.004013406806966757
161,0.9257749942804852,0.014413702609255672,91.13612916712295,13,0.004001232073995784
162,0.9257749942804852,0.014413702609255672,91.13612916712295,13,0.004006376972419965
163,0.9257749942804852,0.014413702609255672,91.13612916712295,13,0.0040011513018906745
164,0.9257749942804852,0.014413702609255672,91.13612916712295,13,0.003989309185575563
165,0.9257749942804852,0.014413702609255672,91.13612916712295,13,0.003998310538647743
166,0.9257749942804852,0.014413702609255672,91.13612916712295,13,0.004006821902415885
167,0.9257749942804852,0.014413702609255672,91.13612916712295,13,0.0040067857224904396
168,0.9257749942804852,0.014413702609255672,91.13612916712295,13,0.003993258173869337
169,0.9257749942804852,0.014413702609255672,91.13612916712295,13,0.003991659731591366
170,0.9257749942804852,0.014413702609255672,91.13612916712295,13,0.0039923878778275945
171,0.9257749942804852,0.014413702609255672,91.13612916712295,13,0.003998470532303486
172,0.9257749942804852,0.014413702609255672,91.13612916712295,13,0.003994460656493933
173,0.9257749942804852,0.014413702609255672,91.13612916712295,13,0.003994548707175047
174,0.9257749942804852,0.014413702609255672,91.13612916712295,13,0.003998667606370114
175,0.9257749942804852,0.014413702609255672,91.13612916712295,13,0.003999252227132943
176,0.9257749942804852,0.014413702609255672,91.13612916712295,13,0.003988167574043937
177,0.9257749942804852,0.014413702609255672,91.13612916712295,13,0.003999923820289824
178,0.9257749942804852,0.014413702609255672,91.13612916712295,13,0.00399265275811196
179,0.9257749942804852,0.014413702609255672,91.13612916712295,13,0.003986375474980053
180,0.9257749942804852,0.014413702609255672,91.13612916712295,13,0.003990811298019731
181,0.9257749942804852,0.014413702609255672,91.13612916712295,13,0.003996904982391603
182,0.9257749942804852,0.014413702609255672,91.13612916712295,13,0.003997630021590992
183,0.9257749942804852,0.014413702609255672,91.13612916712295,13,0.003995756504800873
184,0.9257749942804852,0.014413702609255672,91.13612916712295,13,0.003997301017191479
185,0.9257749942804852,0.014413702609255672,91.13612916712295,13,0.003995928064758861
186,0.9257749942804852,0.014413702609255672,91.13612916712295,13,0.003992918511142214
187,0.9257749942804852,0.014413702609255672,91.13612916712295,13,0.003993446772725311
188,0.9257749942804852,0.014413702609255672,91.13612916712295,13,0.003998545584674287
189,0.9257749942804852,0.014413702609255672,91.13612916712295,13,0.003996079198037829
190,0.9257749942804852,0.014413702609255672,91.13612916712295,13,0.003997675656310375
191,0.9257749942804852,0.014413702609255672,91.13612916712295,13,0.003994579861387622
192,0.9257749942804852,0.014413702609255672,91.13612916712295,13,0.003995787848664552
193,0.9257749942804852,0.014413702609255672,91.13612916712295,13,0.003994672778161596
194,0.9257749942804852,0.014413702609255672,91.13612916712295,13,0.003998160110300595
195,0.9257749942804852,0.014413702609255672,91.13612916712295,13,0.003993678998218265
196,0.9257749942804852,0.014413702609255672,91.13612916712295,13,0.003996956151999749
197,0.9257749942804852,0.014413702609255672,91.13612916712295,13,0.003994787302490479
198,0.9257749942804852,0.014413702609255672,91.13612916712295,13,0.003994791548079935
199,0.9257749942804852,0.014413702609255672,91.13612916712295,13,0.003992429622340297
200,0.9257749942804852,0.014413702609255672,91.13612916712295,13,0.003997114161820361
201,0.9257749942804852,0.014413702609255672,91.13612916712295,13,0.003996668847768046
202,0.9257749942804852,0.014413702609255672,91.13612916712295,13,0.003998928990643893
203,0.9257749942804852,0.014413702609255672,91.13612916712295,13,0.003996750639500533
204,0.9257749942804852,0.014413702609255672,91.13612916712295,13,0.003999464169087465
205,0.9257749942804852,0.014413702609255672,91.13612916712295,13,0.00399448700631245
206,0.9257749942804852,0.014413702609255672,91.13612916712295,13,0.00399172079981376
207,0.9257749942804852,0.014413702609255672,91.13612916712295,13,0.0039919438591179
208,0.9257749942804852,0.014413702609255672,91.13612916712295,13,0.003992871380176185
209,0.9257749942804852,0.014413702609255672,91.13612916712295,13,0.003992448461082626
210,0.9257749942804852,0.014413702609255672,91.13612916712295,13,0.003994081404052032
211,0.9257749942804852,0.014413702609255672,91.13612916712295,13,0.003990291158424845
212,0.9257749942804852,0.014413702609255672,91.13612916712295,13,0.00399319091245787
213,0.9257749942804852,0.014413702609255672,91.13612916712295,13,0.003993459529648106
214,0.9257749942804852,0.014413702609255672,91.13612916712295,13,0.003993759791485103
215,0.9257749942804852,0.014413702609255672,91.13612916712295,13,0.003993449820732902
216,0.9257749942804852,0.014413702609255672,91.13612916712295,13,0.003990802148105399
217,0.9257749942804852,0.014413702609255672,91.13612916712295,13,0.003987991376696894
218,0.9257749942804852,0.014413702609255672,91.13612916712295,13,0.003996348108384736
219,0.9257749942804852,0.014413702609255672,91.13612916712295,13,0.003995768867982098
220,0.9257749942804852,0.014413702609255672,91.13612916712295,13,0.0039939472619548765
221,0.9257749942804852,0.014413702609255672,91.13612916712295,13,0.003986378622483232
222,0.9257749942804852,0.014413702609255672,91.13612916712295,13,0.0039914375020069694
223,0.9257749942804852,0.014413702609255672,91.13612916712295,13,0.0039914306766963914
224,0.9257749942804852,0.014413702609255672,91.13612916712295,13,0.00399113987292707
225,0.9257749942804852,0.014413702609255672,91.13612916712295,13,0.003995326228135464
226,0.9257749942804852,0.014413702609255672,91.13612916712295,13,0.003992285269413863
227,0.9257749942804852,0.014413702609255672,91.13612916712295,13,0.00399210048005234
228,0.9257749942804852,0.014413702609255672,91.13612916712295,13,0.003990798344526654
229,0.9257749942804852,0.014413702609255672,91.13612916712295,13,0.003989893281393052
230,0.9257749942804852,0.014413702609255672,91.13612916712295,13,0.003992384836527826
231,0.9257749942804852,0.014413702609255672,91.13612916712295,13,0.003990144278300563
232,0.9257749942804852,0.014413702609255672,91.13612916712295,13,0.003991408613447269
233,0.9257749942804852,0.014413702609255672,91.13612916712295,13,0.003993003536187604
234,0.9257749942804852,0.014413702609255672,91.13612916712295,13,0.0039929400190239816
235,0.9257749942804852,0.014413702609255672,91.13612916712295,13,0.003991668638885665
236,0.9257749942804852,0.014413702609255672,91.13612916712295,13,0.003990247288446065
237,0.9257749942804852,0.014413702609255672,91.13612916712295,13,0.003990145167010965
238,0.9257749942804852,0.014413702609255672,91.13612916712295,13,0.003991923523208216
239,0.9257749942804852,0.014413702609255672,91.13612916712295,13,0.0039947156387063545
240,0.9257749942804852,0.014413702609255672,91.13612916712295,13,0.003992951081177663
241,0.9257749942804852,0.014413702609255672,91.13612916712295,13,0.003991764911870452
242,0.9257749942804852,0.014413702609255672,91.13612916712295,13,0.003990562435527401
243,0.9257749942804852,0.014413702609255672,91.13612916712295,13,0.003990757399219849
244,0.9257749942804852,0.014413702609255672,91.13612916712295,13,0.003990388213945144
245,0.9257749942804852,0.014413702609255672,91.13612916712295,13,0.003991485552918323
246,0.9257749942804852,0.014413702609255672,91.13612916712295,13,0.003991024826680494
247,0.9257749942804852,0.014413702609255672,91.13612916712295,13,0.0039916080455899205
248,0.9257749942804852,0.014413702609255672,91.13612916712295,13,0.003992154678745019
249,0.9257749942804852,0.014413702609255672,91.13612916712295,13,0.003991307145851245
250,0.9257749942804852,0.014413702609255672,91.13612916712295,13,0.003991460602261667
251,0.9257749942804852,0.014413702609255672,91.13612916712295,13,0.003990435513657316
252,0.9257749942804852,0.014413702609255672,91.13612916712295,13,0.003992412423650867
253,0.9257749942804852,0.014413702609255672,91.13612916712295,13,0.0039922053531773125
254,0.9257749942804852,0.014413702609255672,91.13612916712295,13,0.0039919820991844365
255,0.9257749942804852,0.014413702609255672,91.13612916712295,13,0.003991952578791798
256,0.9257749942804852,0.014413702609255672,91.13612916712295,13,0.003990912466904817
257,0.9257749942804852,0.014413702609255672,91.13612916712295,13,0.003991787904741248
258,0.9257749942804852,0.014413702609255672,91.13612916712295,13,0.003992214095078697
259,0.9257749942804852,0.014413702609255672,91.13612916712295,13,0.003992039411613803
260,0.9257749942804852,0.014413702609255672,91.13612916712295,13,0.003992736128000371
261,0.9257749942804852,0.014413702609255672,91.13612916712295,13,0.003992706206955057
262,0.9257749942804852,0.014413702609255672,91.13612916712295,13,0.003991953704294436
263,0.9257749942804852,0.014413702609255672,91.13612916712295,13,0.003992307126307524
264,0.9257749942804852,0.014413702609255672,91.13612916712295,13,0.003992350178657608
265,0.9257749942804852,0.014413702609255672,91.13612916712295,13,0.003992151513439234
266,0.9257749942804852,0.014413702609255672,91.13612916712295,13,0.003993153429831247
267,0.9257749942804852,0.014413702609255672,91.13612916712295,13,0.003991945377739668
268,0.9257749942804852,0.014413702609255672,91.13612916712295,13,0.003993242614089504
269,0.9257749942804852,0.014413702609255672,91.13612916712295,13,0.003992186570605672
270,0.9257749942804852,0.014413702609255672,91.13612916712295,13,0.00399235927753765
271,0.9257749942804852,0.014413702609255672,91.13612916712295,13,0.00399253914525894
272,0.9257749942804852,0.014413702609255672,91.13612916712295,13,0.003992121575329663
273,0.9257749942804852,0.014413702609255672,91.13612916712295,13,0.003991983081781832
274,0.9257749942804852,0.014413702609255672,91.13612916712295,13,0.003992919448762862
275,0.9257749942804852,0.014413702609255672,91.13612916712295,13,0.00399252345760781
276,0.9257749942804852,0.014413702609255672,91.13612916712295,13,0.003991939930363153
277,0.9257749942804852,0.014413702609255672,91.13612916712295,13,0.003992574747198397
278,0.9257749942804852,0.014413702609255672,91.13612916712295,13,0.003991887830588655
279,0.9257749942804852,0.014413702609255672,91.13612916712295,13,0.003992429907171423
280,0.9257749942804852,0.014413702609255672,91.13612916712295,13,0.003992224352716998
281,0.9257749942804852,0.014413702609255672,91.13612916712295,13,0.003992397989509822
282,0.9257749942804852,0.014413702609255672,91.13612916712295,13,0.003992814085711188
283,0.9257749942804852,0.014413702609255672,91.13612916712295,13,0.003992694606698592
284,0.9257749942804852,0.014413702609255672,91.13612916712295,13,0.00399216386337237
285,0.9257749942804852,0.014413702609255672,91.13612916712295,13,0.003992207204972058
286,0.9257749942804852,0.014413702609255672,91.13612916712295,13,0.0039921600679419566
287,0.9257749942804852,0.014413702609255672,91.13612916712295,13,0.003992408181079481
288,0.9257749942804852,0.014413702609255672,91.13612916712295,13,0.003992243571772094
289,0.9257749942804852,0.014413702609255672,91.13612916712295,13,0.003992344914944935
290,0.9257749942804852,0.014413702609255672,91.13612916712295,13,0.0039925071190303
291,0.9257749942804852,0.014413702609255672,91.13612916712295,13,0.003992433151549046
292,0.9257749942804852,0.014413702609255672,91.13612916712295,13,0.00399240413374036
293,0.9257749942804852,0.014413702609255672,91.13612916712295,13,0.0039924681917824145
294,0.9257749942804852,0.014413702609255672,91.13612916712295,13,0.003992480560164702
295,0.9257749942804852,0.014413702609255672,91.13612916712295,13,0.00399262579413354
296,0.9257749942804852,0.014413702609255672,91.13612916712295,13,0.003992364324295088
297,0.9257749942804852,0.014413702609255672,91.13612916712295,13,0.003992300720820643
298,0.9257749942804852,0.014413702609255672,91.13612916712295,13,0.003992208309463088
299,0.9257749942804852,0.014413702609255672,91.13612916712295,13,0.003992335469948584
300,0.9257749942804852,0.014413702609255672,91.13612916712295,13,0.003992400236222577
301,0.9257749942804852,0.014413702609255672,91.13612916712295,13,0.003992442720346487
302,0.9257749942804852,0.014413702609255672,91.13612916712295,13,0.003992676570458195
303,0.9257749942804852,0.014413702609255672,91.13612916712295,13,0.003992380326181881
304,0.9257749942804852,0.014413702609255672,91.13612916712295,13,0.003992635825587693
305,0.9257749942804852,0.014413702609255672,91.13612916712295,13,0.0039924105419632035
306,0.9257749942804852,0.014413702609255672,91.13612916712295,13,0.003992545375763469
307,0.9257749942804852,0.014413702609255672,91.13612916712295,13,0.0039926962059547415
308,0.9257749942804852,0.014413702609255672,91.13612916712295,13,0.003992455909289137
309,0.9257749942804852,0.014413702609255672,91.13612916712295,13,0.003992383215011793
310,0.9257749942804852,0.014413702609255672,91.13612916712295,13,0.003992339069347311
311,0.9257749942804852,0.014413702609255672,91.13612916712295,13,0.003992443275286514
312,0.9257749942804852,0.014413702609255672,91.13612916712295,13,0.003992481301755017
313,0.9257749942804852,0.014413702609255672,91.13612916712295,13,0.0039927272477065885
314,0.9257749942804852,0.014413702609255672,91.13612916712295,13,0.0039925298466749375
315,0.9257749942804852,0.014413702609255672,91.13612916712295,13,0.003992549878553276
316,0.9257749942804852,0.014413702609255672,91.13612916712295,13,0.003992575490434909
317,0.9257749942804852,0.014413702609255672,91.13612916712295,13,0.003992563203152182
318,0.9257749942804852,0.014413702609255672,91.13612916712295,13,0.0039928307371492645
319,0.9257749942804852,0.014413702609255672,91.13612916712295,13,0.003992459030930767
320,0.9257749942804852,0.014413702609255672,91.13612916712295,13,0.0039927094040069794
321,0.9257749942804852,0.014413702609255672,91.13612916712295,13,0.003992696458542235
322,0.9257749942804852,0.014413702609255672,91.13612916712295,13,0.003992715475903585
323,0.9257749942804852,0.014413702609255672,91.13612916712295,13,0.003992495857214739
324,0.9257749942804852,0.014413702609255672,91.13612916712295,13,0.003992630098932805
325,0.9257749942804852,0.014413702609255672,91.13612916712295,13,0.0039924797609163275
326,0.9257749942804852,0.014413702609255672,91.13612916712295,13,0.003992403745851217
327,0.9257749942804852,0.014413702609255672,91.13612916712295,13,0.003992637773285169
328,0.9257749942804852,0.014413702609255672,91.13612916712295,13,0.003992581431420586
329,0.9257749942804852,0.014413702609255672,91.13612916712295,13,0.0039925824132383
330,0.9257749942804852,0.014413702609255672,91.13612916712295,13,0.003992493830957745
331,0.9257749942804852,0.014413702609255672,91.13612916712295,13,0.003992401686573169
332,0.9257749942804852,0.014413702609255672,91.13612916712295,13,0.003992485623078059
333,0.9257749942804852,0.014413702609255672,91.13612916712295,13,0.0039924034441151815
334,0.9257749942804852,0.014413702609255672,91.13612916712295,13,0.003992537756303225
335,0.9257749942804852,0.014413702609255672,91.13612916712295,13,0.003992635361412401
336,0.9257749942804852,0.014413702609255672,91.13612916712295,13,0.003992420502004657
337,0.9257749942804852,0.014413702609255672,91.13612916712295,13,0.0039925585053152985
338,0.9257749942804852,0.014413702609255672,91.13612916712295,13,0.00399235611998233
339,0.9257749942804852,0.014413702609255672,91.13612916712295,13,0.003992265684948745
340,0.9257749942804852,0.014413702609255672,91.13612916712295,13,0.003992380480536396
341,0.9257749942804852,0.014413702609255672,91.13612916712295,13,0.003992443555269571
342,0.9257749942804852,0.014413702609255672,91.13612916712295,13,0.003992386006406277
343,0.9257749942804852,0.014413702609255672,91.13612916712295,13,0.003992521329045579
344,0.9257749942804852,0.014413702609255672,91.13612916712295,13,0.003992447958416116
345,0.9257749942804852,0.014413702609255672,91.13612916712295,13,0.003992413824109425
346,0.9257749942804852,0.014413702609255672,91.13612916712295,13,0.003992438196254563
347,0.9257749942804852,0.014413702609255672,91.13612916712295,13,0.003992564439786661
348,0.9257749942804852,0.014413702609255672,91.13612916712295,13,0.003992508555648527
349,0.9257749942804852,0.014413702609255672,91.13612916712295,13,0.003992533153736193
350,0.9257749942804852,0.014413702609255672,91.13612916712295,13,0.003992511865780122
351,0.9257749942804852,0.014413702609255672,91.13612916712295,13,0.003992528384774008
352,0.9257749942804852,0.014413702609255672,91.13612916712295,13,0.003992457716962918
353,0.9257749942804852,0.014413702609255672,91.13612916712295,13,0.00399246595584173
354,0.9257749942804852,0.014413702609255672,91.13612916712295,13,0.003992573684958837
355,0.9257749942804852,0.014413702609255672,91.13612916712295,13,0.003992494281647679
356,0.9257749942804852,0.014413702609255672,91.13612916712295,13,0.003992568887920425
357,0.9257749942804852,0.014413702609255672,91.13612916712295,13,0.003992523281978473
358,0.9257749942804852,0.014413702609255672,91.13612916712295,13,0.003992526724034119
359,0.9257749942804852,0.014413702609255672,91.13612916712295,13,0.0039925653705543355
360,0.9257749942804852,0.014413702609255672,91.13612916712295,13,0.003992567821550511
361,0.9257749942804852,0.014413702609255672,91.13612916712295,13,0.00399256477885053
362,0.9257749942804852,0.014413702609255672,91.13612916712295,13,0.003992510173520545
363,0.9257749942804852,0.014413702609255672,91.13612916712295,13,0.003992497929969316
364,0.9257749942804852,0.014413702609255672,91.13612916712295,13,0.0039924858943649845
365,0.9257749942804852,0.014413702609255672,91.13612916712295,13,0.003992513039950398
366,0.9257749942804852,0.014413702609255672,91.13612916712295,13,0.003992562842713994
367,0.9257749942804852,0.014413702609255672,91.13612916712295,13,0.003992508673647869
368,0.9257749942804852,0.014413702609255672,91.13612916712295,13,0.003992580327589889
369,0.9257749942804852,0.014413702609255672,91.13612916712295,13,0.003992548448155799
370,0.9257749942804852,0.014413702609255672,91.13612916712295,13,0.00399257451757195
371,0.9257749942804852,0.014413702609255672,91.13612916712295,13,0.0039925370183403475
372,0.9257749942804852,0.014413702609255672,91.13612916712295,13,0.003992540253028833
373,0.9257749942804852,0.014413702609255672,91.13612916712295,13,0.003992561667732567
374,0.9257749942804852,0.014413702609255672,91.13612916712295,13,0.00399253798784231
375,0.9257749942804852,0.014413702609255672,91.13612916712295,13,0.003992526157292122
376,0.9257749942804852,0.014413702609255672,91.13612916712295,13,0.003992543690388935
377,0.9257749942804852,0.014413702609255672,91.13612916712295,13,0.003992518012062271
378,0.9257749942804852,0.014413702609255672,91.13612916712295,13,0.0039925304231204035
379,0.9257749942804852,0.014413702609255672,91.13612916712295,13,0.003992570253959914
380,0.9257749942804852,0.014413702609255672,91.13612916712295,13,0.0039925964003272715
381,0.9257749942804852,0.014413702609255672,91.13612916712295,13,0.003992548145889181
382,0.9257749942804852,0.014413702609255672,91.13612916712295,13,0.003992533562629725
383,0.9257749942804852,0.014413702609255672,91.13612916712295,13,0.003992541091588473
384,0.9257749942804852,0.014413702609255672,91.13612916712295,13,0.003992515819312165
385,0.9257749942804852,0.014413702609255672,91.13612916712295,13,0.003992513320426548
386,0.9257749942804852,0.014413702609255672,91.13612916712295,13,0.003992583931946708
387,0.9257749942804852,0.014413702609255672,91.13612916712295,13,0.003992619227939137
388,0.9257749942804852,0.014413702609255672,91.13612916712295,13,0.003992571575070684
389,0.9257749942804852,0.014413702609255672,91.13612916712295,13,0.003992622396770646
390,0.9257749942804852,0.014413702609255672,91.13612916712295,13,0.003992578304172949
391,0.9257749942804852,0.014413702609255672,91.13612916712295,13,0.003992558218115388
392,0.9257749942804852,0.014413702609255672,91.13612916712295,13,0.003992523602344131
393,0.9257749942804852,0.014413702609255672,91.13612916712295,13,0.003992538582383033
394,0.9257749942804852,0.014413702609255672,91.13612916712295,13,0.003992568965548943
395,0.9257749942804852,0.014413702609255672,91.13612916712295,13,0.003992548257363736
396,0.9257749942804852,0.014413702609255672,91.13612916712295,13,0.003992554548134614
397,0.9257749942804852,0.014413702609255672,91.13612916712295,13,0.003992552997062902
398,0.9257749942804852,0.014413702609255672,91.13612916712295,13,0.003992532431383354
399,0.9257749942804852,0.014413702609255672,91.13612916712295,13,0.0039925403201553095
400,0.9257749942804852,0.014413702609255672,91.13612916712295,13,0.0039925476514107005
401,0.9257749942804852,0.014413702609255672,91.13612916712295,13,0.003992556009366197
402,0.9257749942804852,0.014413702609255672,91.13612916712295,13,0.003992534458756771
403,0.9257749942804852,0.014413702609255672,91.13612916712295,13,0.003992551201493541
404,0.9257749942804852,0.014413702609255672,91.13612916712295,13,0.0039925514818335405
405,0.9257749942804852,0.014413702609255672,91.13612916712295,13,0.003992536417800385
406,0.9257749942804852,0.014413702609255672,91.13612916712295,13,0.003992537614831193
407,0.9257749942804852,0.014413702609255672,91.13612916712295,13,0.0039925360974920185
408,0.9257749942804852,0.014413702609255672,91.13612916712295,13,0.003992554239637147
409,0.9257749942804852,0.014413702609255672,91.13612916712295,13,0.003992560162833297
410,0.9257749942804852,0.014413702609255672,91.13612916712295,13,0.003992551327220685
411,0.9257749942804852,0.014413702609255672,91.13612916712295,13,0.003992548099037581
412,0.9257749942804852,0.014413702609255672,91.13612916712295,13,0.0039925419353840415
413,0.9257749942804852,0.014413702609255672,91.13612916712295,13,0.003992548275506711
414,0.9257749942804852,0.014413702609255672,91.13612916712295,13,0.003992535618783768
415,0.9257749942804852,0.014413702609255672,91.13612916712295,13,0.003992572200806787
416,0.9257749942804852,0.014413702609255672,91.13612916712295,13,0.003992546150367168
417,0.9257749942804852,0.014413702609255672,91.13612916712295,13,0.003992561143541139
418,0.9257749942804852,0.014413702609255672,91.13612916712295,13,0.003992573323903556
419,0.9257749942804852,0.014413702609255672,91.13612916712295,13,0.003992547755538244
420,0.9257749942804852,0.014413702609255672,91.13612916712295,13,0.00399257020828669
421,0.9257749942804852,0.014413702609255672,91.13612916712295,13,0.003992567362518539
422,0.9257749942804852,0.014413702609255672,91.13612916712295,13,0.003992551233169391
423,0.9257749942804852,0.014413702609255672,91.13612916712295,13,0.003992576905688561
424,0.9257749942804852,0.014413702609255672,91.13612916712295,13,0.003992575246121076
425,0.9257749942804852,0.014413702609255672,91.13612916712295,13,0.003992577212172096
426,0.9257749942804852,0.014413702609255672,91.13612916712295,13,0.0039925566671428865
427,0.9257749942804852,0.014413702609255672,91.13612916712295,13,0.0039925550958233025
428,0.9257749942804852,0.014413702609255672,91.13612916712295,13,0.003992588308116221
429,0.9257749942804852,0.014413702609255672,91.13612916712295,13,0.003992566106592767
430,0.9257749942804852,0.014413702609255672,91.13612916712295,13,0.0039925712036557644
431,0.9257749942804852,0.014413702609255672,91.13612916712295,13,0.003992572828799796
432,0.9257749942804852,0.014413702609255672,91.13612916712295,13,0.003992570349418306
433,0.9257749942804852,0.014413702609255672,91.13612916712295,13,0.003992571627234475
434,0.9257749942804852,0.014413702609255672,91.13612916712295,13,0.003992563077906178
435,0.9257749942804852,0.014413702609255672,91.13612916712295,13,0.00399256922373543
436,0.9257749942804852,0.014413702609255672,91.13612916712295,13,0.003992565947206224
437,0.9257749942804852,0.014413702609255672,91.13612916712295,13,0.00399256826135952
438,0.9257749942804852,0.014413702609255672,91.13612916712295,13,0.003992557339910279
439,0.9257749942804852,0.014413702609255672,91.13612916712295,13,0.003992569133246614
440,0.9257749942804852,0.014413702609255672,91.13612916712295,13,0.0039925760261286265
441,0.9257749942804852,0.014413702609255672,91.13612916712295,13,0.0039925654034025405
442,0.9257749942804852,0.014413702609255672,91.13612916712295,13,0.003992568315341777
443,0.9257749942804852,0.014413702609255672,91.13612916712295,13,0.003992573112311969
444,0.9257749942804852,0.014413702609255672,91.13612916712295,13,0.003992573635107876
445,0.9257749942804852,0.014413702609255672,91.13612916712295,13,0.0039925697078871765
446,0.9257749942804852,0.014413702609255672,91.13612916712295,13,0.003992562094280005
447,0.9257749942804852,0.014413702609255672,91.13612916712295,13,0.003992568460038325
448,0.9257749942804852,0.014413702609255672,91.13612916712295,13,0.003992570625425076
449,0.9257749942804852,0.014413702609255672,91.13612916712295,13,0.003992574400451962
450,0.9257749942804852,0.014413702609255672,91.13612916712295,13,0.003992565591175877
451,0.9257749942804852,0.014413702609255672,91.13612916712295,13,0.003992571733544696
452,0.9257749942804852,0.014413702609255672,91.13612916712295,13,0.003992565900858979
453,0.9257749942804852,0.014413702609255672,91.13612916712295,13,0.003992560459720337
454,0.9257749942804852,0.014413702609255672,91.13612916712295,13,0.003992566750104124
455,0.9257749942804852,0.014413702609255672,91.13612916712295,13,0.003992569980677509
456,0.9257749942804852,0.014413702609255672,91.13612916712295,13,0.003992570860519846
457,0.9257749942804852,0.014413702609255672,91.13612916712295,13,0.003992568979581195
458,0.9257749942804852,0.014413702609255672,91.13612916712295,13,0.003992569845906158
459,0.9257749942804852,0.014413702609255672,91.13612916712295,13,0.003992568675581335
460,0.9257749942804852,0.014413702609255672,91.13612916712295,13,0.003992566263679687
461,0.9257749942804852,0.014413702609255672,91.13612916712295,13,0.003992576428222857
462,0.9257749942804852,0.014413702609255672,91.13612916712295,13,0.003992576321522817
463,0.9257749942804852,0.014413702609255672,91.13612916712295,13,0.003992570813896666
464,0.9257749942804852,0.014413702609255672,91.13612916712295,13,0.003992569394554697
465,0.9257749942804852,0.014413702609255672,91.13612916712295,13,0.003992568246006689
466,0.9257749942804852,0.014413702609255672,91.13612916712295,13,0.003992567273610503
467,0.9257749942804852,0.014413702609255672,91.13612916712295,13,0.003992571374790908
468,0.9257749942804852,0.014413702609255672,91.13612916712295,13,0.003992569003487876
469,0.9257749942804852,0.014413702609255672,91.13612916712295,13,0.003992568604101339
470,0.9257749942804852,0.014413702609255672,91.13612916712295,13,0.0039925720660552175
471,0.9257749942804852,0.014413702609255672,91.13612916712295,13,0.003992573202977175
472,0.9257749942804852,0.014413702609255672,91.13612916712295,13,0.0039925711160228574
473,0.9257749942804852,0.014413702609255672,91.13612916712295,13,0.003992569694887322
474,0.9257749942804852,0.014413702609255672,91.13612916712295,13,0.00399256910046417
475,0.9257749942804852,0.014413702609255672,91.13612916712295,13,0.003992570792876032
476,0.9257749942804852,0.014413702609255672,91.13612916712295,13,0.003992571138178683
477,0.9257749942804852,0.014413702609255672,91.13612916712295,13,0.0039925696944333715
478,0.9257749942804852,0.014413702609255672,91.13612916712295,13,0.003992569382077319
479,0.9257749942804852,0.014413702609255672,91.13612916712295,13,0.003992568517801172
480,0.9257749942804852,0.014413702609255672,91.13612916712295,13,0.003992570923298106
481,0.9257749942804852,0.014413702609255672,91.13612916712295,13,0.003992570680600415
482,0.9257749942804852,0.014413702609255672,91.13612916712295,13,0.00399257233328404
483,0.9257749942804852,0.014413702609255672,91.13612916712295,13,0.003992568176675796
484,0.9257749942804852,0.014413702609255672,91.13612916712295,13,0.003992571575406578
485,0.9257749942804852,0.014413702609255672,91.13612916712295,13,0.003992572195636113
486,0.9257749942804852,0.014413702609255672,91.13612916712295,13,0.003992571440851036
487,0.9257749942804852,0.014413702609255672,91.13612916712295,13,0.003992572932413799
488,0.9257749942804852,0.014413702609255672,91.13612916712295,13,0.003992569635153379
489,0.9257749942804852,0.014413702609255672,91.13612916712295,13,0.003992571183477026
490,0.9257749942804852,0.014413702609255672,91.13612916712295,13,0.003992570491571574
491,0.9257749942804852,0.014413702609255672,91.13612916712295,13,0.0039925716581438436
492,0.9257749942804852,0.014413702609255672,91.13612916712295,13,0.0039925708964895544
493,0.9257749942804852,0.014413702609255672,91.13612916712295,13,0.003992572082623762
494,0.9257749942804852,0.014413702609255672,91.13612916712295,13,0.003992572840135818
495,0.9257749942804852,0.014413702609255672,91.13612916712295,13,0.003992573165281204
496,0.9257749942804852,0.014413702609255672,91.13612916712295,13,0.003992572987640375
497,0.9257749942804852,0.014413702609255672,91.13612916712295,13,0.003992571106776424
498,0.9257749942804852,0.014413702609255672,91.13612916712295,13,0.0039925713266192224
499,0.9257749942804852,0.014413702609255672,91.13612916712295,13,0.003992570498945678
500,0.9257749942804852,0.014413702609255672,91.13612916712295,13,0.003992572051867181
501,0.9257749942804852,0.014413702609255672,91.13612916712295,13,0.003992571206598318
502,0.9257749942804852,0.014413702609255672,91.13612916712295,13,0.003992570689778732
503,0.9257749942804852,0.014413702609255672,91.13612916712295,13,0.003992572673393441
504,0.9257749942804852,0.014413702609255672,91.13612916712295,13,0.003992571877299725
505,0.9257749942804852,0.014413702609255672,91.13612916712295,13,0.003992570467034042
506,0.9257749942804852,0.014413702609255672,91.13612916712295,13,0.00399256989354927
507,0.9257749942804852,0.014413702609255672,91.13612916712295,13,0.003992570643547887
508,0.9257749942804852,0.014413702609255672,91.13612916712295,13,0.003992570993926451
509,0.9257749942804852,0.014413702609255672,91.13612916712295,13,0.003992571094170129
510,0.9257749942804852,0.014413702609255672,91.13612916712295,13,0.003992569608441307
511,0.9257749942804852,0.014413702609255672,91.13612916712295,13,0.003992571511634835
512,0.9257749942804852,0.014413702609255672,91.13612916712295,13,0.003992571923951782
513,0.9257749942804852,0.014413702609255672,91.13612916712295,13,0.00399257045650718
514,0.9257749942804852,0.014413702609255672,91.13612916712295,13,0.003992570112068942
515,0.9257749942804852,0.014413702609255672,91.13612916712295,13,0.00399257213319742
516,0.9257749942804852,0.014413702609255672,91.13612916712295,13,0.003992572339314132
517,0.9257749942804852,0.014413702609255672,91.13612916712295,13,0.003992571802684901
518,0.9257749942804852,0.014413702609255672,91.13612916712295,13,0.003992571046727266
519,0.9257749942804852,0.014413702609255672,91.13612916712295,13,0.003992571708268192
520,0.9257749942804852,0.014413702609255672,91.13612916712295,13,0.003992573099013363
521,0.9257749942804852,0.014413702609255672,91.13612916712295,13,0.0039925722390252985
522,0.9257749942804852,0.014413702609255672,91.13612916712295,13,0.003992571007383923
523,0.9257749942804852,0.014413702609255672,91.13612916712295,13,0.003992571608359015
524,0.9257749942804852,0.014413702609255672,91.13612916712295,13,0.003992571071032064
525,0.9257749942804852,0.014413702609255672,91.13612916712295,13,0.003992570715975808
526,0.9257749942804852,0.014413702609255672,91.13612916712295,13,0.0039925717112293925
527,0.9257749942804852,0.014413702609255672,91.13612916712295,13,0.003992572080589175
528,0.9257749942804852,0.014413702609255672,91.13612916712295,13,0.00399257286905833
529,0.9257749942804852,0.014413702609255672,91.13612916712295,13,0.00399257095357862
530,0.9257749942804852,0.014413702609255672,91.13612916712295,13,0.003992571423339515
531,0.9257749942804852,0.014413702609255672,91.13612916712295,13,0.0039925709125299535
532,0.9257749942804852,0.014413702609255672,91.13612916712295,13,0.003992570672915862
533,0.9257749942804852,0.014413702609255672,91.13612916712295,13,0.0039925714750573315
534,0.9257749942804852,0.014413702609255672,91.13612916712295,13,0.00399257212169749
535,0.9257749942804852,0.014413702609255672,91.13612916712295,13,0.0039925713077254505
536,0.9257749942804852,0.014413702609255672,91.13612916712295,13,0.003992570640429203
537,0.9257749942804852,0.014413702609255672,91.13612916712295,13,0.003992572871455243
538,0.9257749942804852,0.014413702609255672,91.13612916712295,13,0.003992571227443739
539,0.9257749942804852,0.014413702609255672,91.13612916712295,13,0.003992571356956089
540,0.9257749942804852,0.014413702609255672,91.13612916712295,13,0.003992570451440458
541,0.9257749942804852,0.014413702609255672,91.13612916712295,13,0.00399257087379308
542,0.9257749942804852,0.014413702609255672,91.13612916712295,13,0.00399257121482405
543,0.9257749942804852,0.014413702609255672,91.13612916712295,13,0.003992572006002654
544,0.9257749942804852,0.014413702609255672,91.13612916712295,13,0.003992570948585306
545,0.9257749942804852,0.014413702609255672,91.13612916712295,13,0.003992571063953373
546,0.9257749942804852,0.014413702609255672,91.13612916712295,13,0.003992571387833364
547,0.9257749942804852,0.014413702609255672,91.13612916712295,13,0.003992571420153675
548,0.9257749942804852,0.014413702609255672,91.13612916712295,13,0.003992571224559979
549,0.9257749942804852,0.014413702609255672,91.13612916712295,13,0.003992571205706117
550,0.9257749942804852,0.014413702609255672,91.13612916712295,13,0.003992571071077991
551,0.9257749942804852,0.014413702609255672,91.13612916712295,13,0.003992571338462581
552,0.9257749942804852,0.014413702609255672,91.13612916712295,13,0.003992570875377462
553,0.9257749942804852,0.014413702609255672,91.13612916712295,13,0.003992571027584087
554,0.9257749942804852,0.014413702609255672,91.13612916712295,13,0.003992571244495063
555,0.9257749942804852,0.014413702609255672,91.13612916712295,13,0.003992571484243464
556,0.9257749942804852,0.014413702609255672,91.13612916712295,13,0.003992570704139891
557,0.9257749942804852,0.014413702609255672,91.13612916712295,13,0.003992571559968244
558,0.9257749942804852,0.014413702609255672,91.13612916712295,13,0.003992571599988063
559,0.9257749942804852,0.014413702609255672,91.13612916712295,13,0.003992571101096883
560,0.9257749942804852,0.014413702609255672,91.13612916712295,13,0.003992571121620995
561,0.9257749942804852,0.014413702609255672,91.13612916712295,13,0.003992570976473453
562,0.9257749942804852,0.014413702609255672,91.13612916712295,13,0.00399257081385894
563,0.9257749942804852,0.014413702609255672,91.13612916712295,13,0.003992571439728435
564,0.9257749942804852,0.014413702609255672,91.13612916712295,13,0.0039925708393106826
565,0.9257749942804852,0.014413702609255672,91.13612916712295,13,0.003992571349889054
566,0.9257749942804852,0.014413702609255672,91.13612916712295,13,0.00399257112370642
567,0.9257749942804852,0.014413702609255672,91.13612916712295,13,0.003992571159226135
568,0.9257749942804852,0.014413702609255672,91.13612916712295,13,0.003992570917105137
569,0.9257749942804852,0.014413702609255672,91.13612916712295,13,0.0039925711844288085
570,0.9257749942804852,0.014413702609255672,91.13612916712295,13,0.003992571038014269
571,0.9257749942804852,0.014413702609255672,91.13612916712295,13,0.003992571304523902
572,0.9257749942804852,0.014413702609255672,91.13612916712295,13,0.003992571162462013
573,0.9257749942804852,0.014413702609255672,91.13612916712295,13,0.003992571043697941
574,0.9257749942804852,0.014413702609255672,91.13612916712295,13,0.003992571084542145
575,0.9257749942804852,0.014413702609255672,91.13612916712295,13,0.0039925711635909935
576,0.9257749942804852,0.014413702609255672,91.13612916712295,13,0.003992571210899071
577,0.9257749942804852,0.014413702609255672,91.13612916712295,13,0.003992571228915034
578,0.9257749942804852,0.014413702609255672,91.13612916712295,13,0.003992571149600488
579,0.9257749942804852,0.014413702609255672,91.13612916712295,13,0.003992571305723473
580,0.9257749942804852,0.014413702609255672,91.13612916712295,13,0.003992571016773195
581,0.9257749942804852,0.014413702609255672,91.13612916712295,13,0.003992571164948419
582,0.9257749942804852,0.014413702609255672,91.13612916712295,13,0.003992571208274935
583,0.9257749942804852,0.014413702609255672,91.13612916712295,13,0.003992571261881301
584,0.9257749942804852,0.014413702609255672,91.13612916712295,13,0.003992571193410937
585,0.9257749942804852,0.014413702609255672,91.13612916712295,13,0.003992571274055254
586,0.9257749942804852,0.014413702609255672,91.13612916712295,13,0.0039925712106426885
587,0.9257749942804852,0.014413702609255672,91.13612916712295,13,0.003992571215061389
588,0.9257749942804852,0.014413702609255672,91.13612916712295,13,0.0039925712552396145
589,0.9257749942804852,0.014413702609255672,91.13612916712295,13,0.003992571150342708
590,0.9257749942804852,0.014413702609255672,91.13612916712295,13,0.003992571276651046
591,0.9257749942804852,0.014413702609255672,91.13612916712295,13,0.003992571261945652
592,0.9257749942804852,0.014413702609255672,91.13612916712295,13,0.003992571171692075
593,0.9257749942804852,0.014413702609255672,91.13612916712295,13,0.003992571284760827
594,0.9257749942804852,0.014413702609255672,91.13612916712295,13,0.003992571199543619
595,0.9257749942804852,0.014413702609255672,91.13612916712295,13,0.0039925713049755816
596,0.9257749942804852,0.014413702609255672,91.13612916712295,13,0.003992571375498387
597,0.9257749942804852,0.014413702609255672,91.13612916712295,13,0.003992571137928955
598,0.9257749942804852,0.014413702609255672,91.13612916712295,13,0.00399257123391458
599,0.9257749942804852,0.014413702609255672,91.13612916712295,13,0.003992571172037144
600,0.9257749942804852,0.014413702609255672,91.13612916712295,13,0.003992571207849574
601,0.9257749942804852,0.014413702609255672,91.13612916712295,13,0.0039925712174664315
602,0.9257749942804852,0.014413702609255672,91.13612916712295,13,0.0039925711655067544
603,0.9257749942804852,0.014413702609255672,91.13612916712295,13,0.0039925712633027445
604,0.9257749942804852,0.014413702609255672,91.13612916712295,13,0.003992571285794604
605,0.9257749942804852,0.014413702609255672,91.13612916712295,13,0.003992571295348002
606,0.9257749942804852,0.014413702609255672,91.13612916712295,13,0.00399257117790466
607,0.9257749942804852,0.014413702609255672,91.13612916712295,13,0.003992571273579676
608,0.9257749942804852,0.014413702609255672,91.13612916712295,13,0.003992571182950739
609,0.9257749942804852,0.014413702609255672,91.13612916712295,13,0.003992571307312454
610,0.9257749942804852,0.014413702609255672,91.13612916712295,13,0.003992571211140238
611,0.9257749942804852,0.014413702609255672,91.13612916712295,13,0.003992571154011905
612,0.9257749942804852,0.014413702609255672,91.13612916712295,13,0.003992571203780144
613,0.9257749942804852,0.014413702609255672,91.13612916712295,13,0.003992571169549037
614,0.9257749942804852,0.014413702609255672,91.13612916712295,13,0.003992571351030244
615,0.9257749942804852,0.014413702609255672,91.13612916712295,13,0.003992571227153425
616,0.9257749942804852,0.014413702609255672,91.13612916712295,13,0.003992571248251529
617,0.9257749942804852,0.014413702609255672,91.13612916712295,13,0.00399257133628298
618,0.9257749942804852,0.014413702609255672,91.13612916712295,13,0.003992571265000136
619,0.9257749942804852,0.014413702609255672,91.13612916712295,13,0.003992571262425194
620,0.9257749942804852,0.014413702609255672,91.13612916712295,13,0.003992571224133417
621,0.9257749942804852,0.014413702609255672,91.13612916712295,13,0.003992571195571921
622,0.9257749942804852,0.014413702609255672,91.13612916712295,13,0.003992571131887951
623,0.9257749942804852,0.014413702609255672,91.13612916712295,13,0.003992571274425932
624,0.9257749942804852,0.014413702609255672,91.13612916712295,13,0.003992571248346823
625,0.9257749942804852,0.014413702609255672,91.13612916712295,13,0.003992571249577911
626,0.9257749942804852,0.014413702609255672,91.13612916712295,13,0.0039925712260785225
627,0.9257749942804852,0.014413702609255672,91.13612916712295,13,0.003992571310342013
628,0.9257749942804852,0.014413702609255672,91.13612916712295,13,0.003992571289408551
629,0.9257749942804852,0.014413702609255672,91.13612916712295,13,0.003992571216729463
630,0.9257749942804852,0.014413702609255672,91.13612916712295,13,0.003992571233494743
631,0.9257749942804852,0.014413702609255672,91.13612916712295,13,0.003992571266600931
632,0.9257749942804852,0.014413702609255672,91.13612916712295,13,0.0039925712510219405
633,0.9257749942804852,0.014413702609255672,91.13612916712295,13,0.003992571255147704
634,0.9257749942804852,0.014413702609255672,91.13612916712295,13,0.003992571238391437
635,0.9257749942804852,0.014413702609255672,91.13612916712295,13,0.00399257122712332
636,0.9257749942804852,0.014413702609255672,91.13612916712295,13,0.003992571252434075
637,0.9257749942804852,0.014413702609255672,91.13612916712295,13,0.003992571251761097
638,0.9257749942804852,0.014413702609255672,91.13612916712295,13,0.0039925712129518605
639,0.9257749942804852,0.014413702609255672,91.13612916712295,13,0.00399257125036926
640,0.9257749942804852,0.014413702609255672,91.13612916712295,13,0.0039925712283573975
641,0.9257749942804852,0.014413702609255672,91.13612916712295,13,0.003992571255811179
642,0.9257749942804852,0.014413702609255672,91.13612916712295,13,0.003992571269638434
643,0.9257749942804852,0.014413702609255672,91.13612916712295,13,0.003992571239960273
644,0.9257749942804852,0.014413702609255672,91.13612916712295,13,0.003992571227081456
645,0.9257749942804852,0.014413702609255672,91.13612916712295,13,0.003992571220386522
646,0.9257749942804852,0.014413702609255672,91.13612916712295,13,0.0039925712470220255
647,0.9257749942804852,0.014413702609255672,91.13612916712295,13,0.003992571250672251
648,0.9257749942804852,0.014413702609255672,91.13612916712295,13,0.003992571226615106
649,0.9257749942804852,0.014413702609255672,91.13612916712295,13,0.003992571241153028
650,0.9257749942804852,0.014413702609255672,91.13612916712295,13,0.003992571261023973
651,0.9257749942804852,0.014413702609255672,91.13612916712295,13,0.003992571266836625
652,0.9257749942804852,0.014413702609255672,91.13612916712295,13,0.003992571256441098
653,0.9257749942804852,0.014413702609255672,91.13612916712295,13,0.003992571230855044
654,0.9257749942804852,0.014413702609255672,91.13612916712295,13,0.003992571235078566
655,0.9257749942804852,0.014413702609255672,91.13612916712295,13,0.003992571245132457
656,0.9257749942804852,0.014413702609255672,91.13612916712295,13,0.003992571236089454
657,0.9257749942804852,0.014413702609255672,91.13612916712295,13,0.003992571235149134
658,0.9257749942804852,0.014413702609255672,91.13612916712295,13,0.003992571260227124
659,0.9257749942804852,0.014413702609255672,91.13612916712295,13,0.003992571261468547
660,0.9257749942804852,0.014413702609255672,91.13612916712295,13,0.003992571247947048
661,0.9257749942804852,0.014413702609255672,91.13612916712295,13,0.003992571247582784
662,0.9257749942804852,0.014413702609255672,91.13612916712295,13,0.003992571257295905
663,0.9257749942804852,0.014413702609255672,91.13612916712295,13,0.003992571245973897
664,0.9257749942804852,0.014413702609255672,91.13612916712295,13,0.0039925712356059535
665,0.9257749942804852,0.014413702609255672,91.13612916712295,13,0.003992571239444766
666,0.9257749942804852,0.014413702609255672,91.13612916712295,13,0.003992571214411383
667,0.9257749942804852,0.014413702609255672,91.13612916712295,13,0.0039925712534000886
668,0.9257749942804852,0.014413702609255672,91.13612916712295,13,0.003992571250270951
669,0.9257749942804852,0.014413702609255672,91.13612916712295,13,0.0039925712375112445
670,0.9257749942804852,0.014413702609255672,91.13612916712295,13,0.0039925712522612495
671,0.9257749942804852,0.014413702609255672,91.13612916712295,13,0.003992571261791935
672,0.9257749942804852,0.014413702609255672,91.13612916712295,13,0.003992571258744675
673,0.9257749942804852,0.014413702609255672,91.13612916712295,13,0.003992571246788889
674,0.9257749942804852,0.014413702609255672,91.13612916712295,13,0.003992571248616678
675,0.9257749942804852,0.014413702609255672,91.13612916712295,13,0.003992571243286155
676,0.9257749942804852,0.014413702609255672,91.13612916712295,13,0.003992571253414151
677,0.9257749942804852,0.014413702609255672,91.13612916712295,13,0.003992571242819632
678,0.9257749942804852,0.014413702609255672,91.13612916712295,13,0.003992571247370963
679,0.9257749942804852,0.014413702609255672,91.13612916712295,13,0.003992571249979851
680,0.9257749942804852,0.014413702609255672,91.13612916712295,13,0.003992571256494493
681,0.9257749942804852,0.014413702609255672,91.13612916712295,13,0.003992571241529922
682,0.9257749942804852,0.014413702609255672,91.13612916712295,13,0.003992571242447009
683,0.9257749942804852,0.014413702609255672,91.13612916712295,13,0.003992571243991185
684,0.9257749942804852,0.014413702609255672,91.13612916712295,13,0.0039925712455081705
685,0.9257749942804852,0.014413702609255672,91.13612916712295,13,0.003992571249176104
686,0.9257749942804852,0.014413702609255672,91.13612916712295,13,0.0039925712537478225
687,0.9257749942804852,0.014413702609255672,91.13612916712295,13,0.0039925712618619925
688,0.9257749942804852,0.014413702609255672,91.13612916712295,13,0.0039925712576284605
689,0.9257749942804852,0.014413702609255672,91.13612916712295,13,0.003992571255106894
690,0.9257749942804852,0.014413702609255672,91.13612916712295,13,0.003992571248407911
691,0.9257749942804852,0.014413702609255672,91.13612916712295,13,0.003992571249716225
692,0.9257749942804852,0.014413702609255672,91.13612916712295,13,0.003992571252539137
693,0.9257749942804852,0.014413702609255672,91.13612916712295,13,0.003992571249456058
694,0.9257749942804852,0.014413702609255672,91.13612916712295,13,0.003992571260219211
695,0.9257749942804852,0.014413702609255672,91.13612916712295,13,0.003992571243118186
696,0.9257749942804852,0.014413702609255672,91.13612916712295,13,0.003992571246407149
697,0.9257749942804852,0.014413702609255672,91.13612916712295,13,0.003992571250685126
698,0.9257749942804852,0.014413702609255672,91.13612916712295,13,0.003992571247726358
699,0.9257749942804852,0.014413702609255672,91.13612916712295,13,0.003992571247088296
700,0.9257749942804852,0.014413702609255672,91.13612916712295,13,0.0039925712533400584
701,0.9257749942804852,0.014413702609255672,91.13612916712295,13,0.003992571249526491
702,0.9257749942804852,0.014413702609255672,91.13612916712295,13,0.003992571254245379
703,0.9257749942804852,0.014413702609255672,91.13612916712295,13,0.003992571246224065
704,0.9257749942804852,0.014413702609255672,91.13612916712295,13,0.003992571247119207
705,0.9257749942804852,0.014413702609255672,91.13612916712295,13,0.00399257125320614
706,0.9257749942804852,0.014413702609255672,91.13612916712295,13,0.003992571248478624
707,0.9257749942804852,0.014413702609255672,91.13612916712295,13,0.003992571247682535
708,0.9257749942804852,0.014413702609255672,91.13612916712295,13,0.003992571247295056
709,0.9257749942804852,0.014413702609255672,91.13612916712295,13,0.003992571242655556
710,0.9257749942804852,0.014413702609255672,91.13612916712295,13,0.003992571247761709
711,0.9257749942804852,0.014413702609255672,91.13612916712295,13,0.003992571244189754
712,0.9257749942804852,0.014413702609255672,91.13612916712295,13,0.003992571247013022
713,0.9257749942804852,0.014413702609255672,91.13612916712295,13,0.003992571250724819
714,0.9257749942804852,0.014413702609255672,91.13612916712295,13,0.003992571243114364
715,0.9257749942804852,0.014413702609255672,91.13612916712295,13,0.003992571242029813
716,0.9257749942804852,0.014413702609255672,91.13612916712295,13,0.0039925712522908665
717,0.9257749942804852,0.014413702609255672,91.13612916712295,13,0.00399257124866233
718,0.9257749942804852,0.014413702609255672,91.13612916712295,13,0.00399257123662491
719,0.9257749942804852,0.014413702609255672,91.13612916712295,13,0.00399257125151475
720,0.9257749942804852,0.014413702609255672,91.13612916712295,13,0.003992571237380515
721,0.9257749942804852,0.014413702609255672,91.13612916712295,13,0.003992571243578095
722,0.9257749942804852,0.014413702609255672,91.13612916712295,13,0.003992571245713571
723,0.9257749942804852,0.014413702609255672,91.13612916712295,13,0.003992571238777374
724,0.9257749942804852,0.014413702609255672,91.13612916712295,13,0.003992571257898208
725,0.9257749942804852,0.014413702609255672,91.13612916712295,13,0.003992571251568179
726,0.9257749942804852,0.014413702609255672,91.13612916712295,13,0.003992571250497842
727,0.9257749942804852,0.014413702609255672,91.13612916712295,13,0.003992571244027423
728,0.9257749942804852,0.014413702609255672,91.13612916712295,13,0.003992571249911235
729,0.9257749942804852,0.014413702609255672,91.13612916712295,13,0.003992571244070267
730,0.9257749942804852,0.014413702609255672,91.13612916712295,13,0.003992571248593125
731,0.9257749942804852,0.014413702609255672,91.13612916712295,13,0.003992571246404199
732,0.9257749942804852,0.014413702609255672,91.13612916712295,13,0.003992571236843791
733,0.9257749942804852,0.014413702609255672,91.13612916712295,13,0.003992571243448482
734,0.9257749942804852,0.014413702609255672,91.13612916712295,13,0.003992571244171508
735,0.9257749942804852,0.014413702609255672,91.13612916712295,13,0.00399257124724309
736,0.9257749942804852,0.014413702609255672,91.13612916712295,13,0.003992571246550705
737,0.9257749942804852,0.014413702609255672,91.13612916712295,13,0.003992571244947092
738,0.9257749942804852,0.014413702609255672,91.13612916712295,13,0.003992571241809586
739,0.9257749942804852,0.014413702609255672,91.13612916712295,13,0.003992571238273889
740,0.9257749942804852,0.014413702609255672,91.13612916712295,13,0.003992571247738333
741,0.9257749942804852,0.014413702609255672,91.13612916712295,13,0.003992571250959852
742,0.9257749942804852,0.014413702609255672,91.13612916712295,13,0.003992571243241397
743,0.9257749942804852,0.014413702609255672,91.13612916712295,13,0.003992571245544523
744,0.9257749942804852,0.014413702609255672,91.13612916712295,13,0.003992571242725377
745,0.9257749942804852,0.014413702609255672,91.13612916712295,13,0.003992571247729004
746,0.9257749942804852,0.014413702609255672,91.13612916712295,13,0.003992571252809077
747,0.9257749942804852,0.014413702609255672,91.13612916712295,13,0.00399257123435254
748,0.9257749942804852,0.014413702609255672,91.13612916712295,13,0.003992571239730368
749,0.9257749942804852,0.014413702609255672,91.13612916712295,13,0.003992571251490509
750,0.9257749942804852,0.014413702609255672,91.13612916712295,13,0.0039925712440408824
751,0.9257749942804852,0.014413702609255672,91.13612916712295,13,0.003992571253946323
752,0.9257749942804852,0.014413702609255672,91.13612916712295,13,0.003992571252779176
753,0.9257749942804852,0.014413702609255672,91.13612916712295,13,0.003992571237519725
754,0.9257749942804852,0.014413702609255672,91.13612916712295,13,0.003992571251363582
755,0.9257749942804852,0.014413702609255672,91.13612916712295,13,0.003992571248551403
756,0.9257749942804852,0.014413702609255672,91.13612916712295,13,0.0039925712479760315
757,0.9257749942804852,0.014413702609255672,91.13612916712295,13,0.003992571254220744
758,0.9257749942804852,0.014413702609255672,91.13612916712295,13,0.0039925712489939326
759,0.9257749942804852,0.014413702609255672,91.13612916712295,13,0.003992571245283574
760,0.9257749942804852,0.014413702609255672,91.13612916712295,13,0.003992571264910833
761,0.9257749942804852,0.014413702609255672,91.13612916712295,13,0.003992571255007619
762,0.9257749942804852,0.014413702609255672,91.13612916712295,13,0.003992571237793322
763,0.9257749942804852,0.014413702609255672,91.13612916712295,13,0.003992571252211842
764,0.9257749942804852,0.014413702609255672,91.13612916712295,13,0.003992571249123994
765,0.9257749942804852,0.014413702609255672,91.13612916712295,13,0.003992571256079898
766,0.9257749942804852,0.014413702609255672,91.13612916712295,13,0.0039925712580057395
767,0.9257749942804852,0.014413702609255672,91.13612916712295,13,0.003992571266694018
768,0.9257749942804852,0.014413702609255672,91.13612916712295,13,0.003992571249308262
769,0.9257749942804852,0.014413702609255672,91.13612916712295,13,0.003992571246355612
770,0.9257749942804852,0.014413702609255672,91.13612916712295,13,0.003992571260108482
771,0.9257749942804852,0.014413702609255672,91.13612916712295,13,0.003992571250823815
772,0.9257749942804852,0.014413702609255672,91.13612916712295,13,0.0039925712584101
773,0.9257749942804852,0.014413702609255672,91.13612916712295,13,0.003992571243415095
774,0.9257749942804852,0.014413702609255672,91.13612916712295,13,0.003992571257238517
775,0.9257749942804852,0.014413702609255672,91.13612916712295,13,0.003992571246255776
776,0.9257749942804852,0.014413702609255672,91.13612916712295,13,0.003992571254874042
777,0.9257749942804852,0.014413702609255672,91.13612916712295,13,0.0039925712466869125
778,0.9257749942804852,0.014413702609255672,91.13612916712295,13,0.003992571251542488
779,0.9257749942804852,0.014413702609255672,91.13612916712295,13,0.003992571247686952
780,0.9257749942804852,0.014413702609255672,91.13612916712295,13,0.003992571248940313
781,0.9257749942804852,0.014413702609255672,91.13612916712295,13,0.00399257124889465
782,0.9257749942804852,0.014413702609255672,91.13612916712295,13,0.00399257124649687
783,0.9257749942804852,0.014413702609255672,91.13612916712295,13,0.003992571247207651
784,0.9257749942804852,0.014413702609255672,91.13612916712295,13,0.003992571247567497
785,0.9257749942804852,0.014413702609255672,91.13612916712295,13,0.003992571248083168
786,0.9257749942804852,0.014413702609255672,91.13612916712295,13,0.003992571247639732
787,0.9257749942804852,0.014413702609255672,91.13612916712295,13,0.003992571247221614
788,0.9257749942804852,0.014413702609255672,91.13612916712295,13,0.003992571245315805
789,0.9257749942804852,0.014413702609255672,91.13612916712295,13,0.003992571252633436
790,0.9257749942804852,0.014413702609255672,91.13612916712295,13,0.003992571249002997
791,0.9257749942804852,0.014413702609255672,91.13612916712295,13,0.003992571250291528
792,0.9257749942804852,0.014413702609255672,91.13612916712295,13,0.003992571246793175
793,0.9257749942804852,0.014413702609255672,91.13612916712295,13,0.003992571247426422
794,0.9257749942804852,0.014413702609255672,91.13612916712295,13,0.0039925712488676785
795,0.9257749942804852,0.014413702609255672,91.13612916712295,13,0.003992571247316203
796,0.9257749942804852,0.014413702609255672,91.13612916712295,13,0.003992571245224727
797,0.9257749942804852,0.014413702609255672,91.13612916712295,13,0.003992571248442823
798,0.9257749942804852,0.014413702609255672,91.13612916712295,13,0.003992571245005089
799,0.9257749942804852,0.014413702609255672,91.13612916712295,13,0.003992571247913108
800,0.9257749942804852,0.014413702609255672,91.13612916712295,13,0.0039925712491809566
801,0.9257749942804852,0.014413702609255672,91.13612916712295,13,0.0039925712452764505
802,0.9257749942804852,0.014413702609255672,91.13612916712295,13,0.003992571248822362
803,0.9257749942804852,0.014413702609255672,91.13612916712295,13,0.00399257124717319
804,0.9257749942804852,0.014413702609255672,91.13612916712295,13,0.003992571250126768
805,0.9257749942804852,0.014413702609255672,91.13612916712295,13,0.003992571246041846
806,0.9257749942804852,0.014413702609255672,91.13612916712295,13,0.003992571248942874
807,0.9257749942804852,0.014413702609255672,91.13612916712295,13,0.00399257124745775
808,0.9257749942804852,0.014413702609255672,91.13612916712295,13,0.003992571249659034
809,0.9257749942804852,0.014413702609255672,91.13612916712295,13,0.00399257124853723
810,0.9257749942804852,0.014413702609255672,91.13612916712295,13,0.003992571248950667
811,0.9257749942804852,0.014413702609255672,91.13612916712295,13,0.003992571245601588
812,0.9257749942804852,0.014413702609255672,91.13612916712295,13,0.003992571247004506
813,0.9257749942804852,0.014413702609255672,91.13612916712295,13,0.003992571245656792
814,0.9257749942804852,0.014413702609255672,91.13612916712295,13,0.0039925712482420704
815,0.9257749942804852,0.014413702609255672,91.13612916712295,13,0.003992571245011999
816,0.9257749942804852,0.014413702609255672,91.13612916712295,13,0.003992571246021259
817,0.9257749942804852,0.014413702609255672,91.13612916712295,13,0.00399257124752626
818,0.9257749942804852,0.014413702609255672,91.13612916712295,13,0.003992571246604668
819,0.9257749942804852,0.014413702609255672,91.13612916712295,13,0.003992571244300773
820,0.9257749942804852,0.014413702609255672,91.13612916712295,13,0.003992571247481219
821,0.9257749942804852,0.014413702609255672,91.13612916712295,13,0.003992571244959247
822,0.9257749942804852,0.014413702609255672,91.13612916712295,13,0.00399257124492714
823,0.9257749942804852,0.014413702609255672,91.13612916712295,13,0.003992571245137728
824,0.9257749942804852,0.014413702609255672,91.13612916712295,13,0.003992571247952845
825,0.9257749942804852,0.014413702609255672,91.13612916712295,13,0.00399257124703378
826,0.9257749942804852,0.014413702609255672,91.13612916712295,13,0.003992571245445326
827,0.9257749942804852,0.014413702609255672,91.13612916712295,13,0.003992571246867667
828,0.9257749942804852,0.014413702609255672,91.13612916712295,13,0.003992571247150714
829,0.9257749942804852,0.014413702609255672,91.13612916712295,13,0.00399257124589918
830,0.9257749942804852,0.014413702609255672,91.13612916712295,13,0.003992571243928742
831,0.9257749942804852,0.014413702609255672,91.13612916712295,13,0.003992571246342867
832,0.9257749942804852,0.014413702609255672,91.13612916712295,13,0.003992571244774473
833,0.9257749942804852,0.014413702609255672,91.13612916712295,13,0.003992571247705791
834,0.9257749942804852,0.014413702609255672,91.13612916712295,13,0.003992571244242585
835,0.9257749942804852,0.014413702609255672,91.13612916712295,13,0.0039925712429619105
836,0.9257749942804852,0.014413702609255672,91.13612916712295,13,0.0039925712458455135
837,0.9257749942804852,0.014413702609255672,91.13612916712295,13,0.003992571246047496
838,0.9257749942804852,0.014413702609255672,91.13612916712295,13,0.0039925712437536036
839,0.9257749942804852,0.014413702609255672,91.13612916712295,13,0.003992571245411115
840,0.9257749942804852,0.014413702609255672,91.13612916712295,13,0.003992571243646168
841,0.9257749942804852,0.014413702609255672,91.13612916712295,13,0.003992571243684064
842,0.9257749942804852,0.014413702609255672,91.13612916712295,13,0.003992571245074534
843,0.9257749942804852,0.014413702609255672,91.13612916712295,13,0.003992571244773118
844,0.9257749942804852,0.014413702609255672,91.13612916712295,13,0.003992571243973611
845,0.9257749942804852,0.014413702609255672,91.13612916712295,13,0.003992571244291266
846,0.9257749942804852,0.014413702609255672,91.13612916712295,13,0.003992571246127784
847,0.9257749942804852,0.014413702609255672,91.13612916712295,13,0.003992571244304609
848,0.9257749942804852,0.014413702609255672,91.13612916712295,13,0.003992571240462526
849,0.9257749942804852,0.014413702609255672,91.13612916712295,13,0.003992571243116373
850,0.9257749942804852,0.014413702609255672,91.13612916712295,13,0.0039925712429017615
851,0.9257749942804852,0.014413702609255672,91.13612916712295,13,0.003992571243690724
852,0.9257749942804852,0.014413702609255672,91.13612916712295,13,0.003992571243212296
853,0.9257749942804852,0.014413702609255672,91.13612916712295,13,0.003992571242064586
854,0.9257749942804852,0.014413702609255672,91.13612916712295,13,0.003992571245871501
855,0.9257749942804852,0.014413702609255672,91.13612916712295,13,0.003992571244248097
856,0.9257749942804852,0.014413702609255672,91.13612916712295,13,0.003992571241836929
857,0.9257749942804852,0.014413702609255672,91.13612916712295,13,0.003992571243037304
858,0.9257749942804852,0.014413702609255672,91.13612916712295,13,0.003992571243455203
859,0.9257749942804852,0.014413702609255672,91.13612916712295,13,0.003992571243780867
860,0.9257749942804852,0.014413702609255672,91.13612916712295,13,0.003992571243451324
861,0.9257749942804852,0.014413702609255672,91.13612916712295,13,0.003992571242602536
862,0.9257749942804852,0.014413702609255672,91.13612916712295,13,0.00399257124346785
863,0.9257749942804852,0.014413702609255672,91.13612916712295,13,0.003992571244577366
864,0.9257749942804852,0.014413702609255672,91.13612916712295,13,0.003992571242826333
865,0.9257749942804852,0.014413702609255672,91.13612916712295,13,0.003992571244319637
866,0.9257749942804852,0.014413702609255672,91.13612916712295,13,0.003992571244157277
867,0.9257749942804852,0.014413702609255672,91.13612916712295,13,0.003992571244922203
868,0.9257749942804852,0.014413702609255672,91.13612916712295,13,0.0039925712424703184
869,0.9257749942804852,0.014413702609255672,91.13612916712295,13,0.003992571241985005
870,0.9257749942804852,0.014413702609255672,91.13612916712295,13,0.003992571242261195
871,0.9257749942804852,0.014413702609255672,91.13612916712295,13,0.003992571245126373
872,0.9257749942804852,0.014413702609255672,91.13612916712295,13,0.003992571244002037
873,0.9257749942804852,0.014413702609255672,91.13612916712295,13,0.003992571244852898
874,0.9257749942804852,0.014413702609255672,91.13612916712295,13,0.003992571244755759
875,0.9257749942804852,0.014413702609255672,91.13612916712295,13,0.003992571244901422
876,0.9257749942804852,0.014413702609255672,91.13612916712295,13,0.003992571245012691
877,0.9257749942804852,0.014413702609255672,91.13612916712295,13,0.003992571245756489
878,0.9257749942804852,0.014413702609255672,91.13612916712295,13,0.003992571243644877
879,0.9257749942804852,0.014413702609255672,91.13612916712295,13,0.003992571245812316
880,0.9257749942804852,0.014413702609255672,91.13612916712295,13,0.003992571246397573
881,0.9257749942804852,0.014413702609255672,91.13612916712295,13,0.003992571245220505
882,0.9257749942804852,0.014413702609255672,91.13612916712295,13,0.003992571245264552
883,0.9257749942804852,0.014413702609255672,91.13612916712295,13,0.003992571245388501
884,0.9257749942804852,0.014413702609255672,91.13612916712295,13,0.003992571244952516
885,0.9257749942804852,0.014413702609255672,91.13612916712295,13,0.003992571244895691
886,0.9257749942804852,0.014413702609255672,91.13612916712295,13,0.003992571244655172
887,0.9257749942804852,0.014413702609255672,91.13612916712295,13,0.003992571245346527
888,0.9257749942804852,0.014413702609255672,91.13612916712295,13,0.003992571246178314
889,0.9257749942804852,0.014413702609255672,91.13612916712295,13,0.003992571246949052
890,0.9257749942804852,0.014413702609255672,91.13612916712295,13,0.003992571245281746
891,0.9257749942804852,0.014413702609255672,91.13612916712295,13,0.003992571245797287
892,0.9257749942804852,0.014413702609255672,91.13612916712295,13,0.003992571244249233
893,0.9257749942804852,0.014413702609255672,91.13612916712295,13,0.003992571244412298
894,0.9257749942804852,0.014413702609255672,91.13612916712295,13,0.003992571243896929
895,0.9257749942804852,0.014413702609255672,91.13612916712295,13,0.003992571244909794
896,0.9257749942804852,0.014413702609255672,91.13612916712295,13,0.003992571243996983
897,0.9257749942804852,0.014413702609255672,91.13612916712295,13,0.003992571245556817
898,0.9257749942804852,0.014413702609255672,91.13612916712295,13,0.003992571246992396
899,0.9257749942804852,0.014413702609255672,91.13612916712295,13,0.003992571246470567
900,0.9257749942804852,0.014413702609255672,91.13612916712295,13,0.003992571245191154
901,0.9257749942804852,0.014413702609255672,91.13612916712295,13,0.003992571243785811
902,0.9257749942804852,0.014413702609255672,91.13612916712295,13,0.003992571245442044
903,0.9257749942804852,0.014413702609255672,91.13612916712295,13,0.0039925712443894725
904,0.9257749942804852,0.014413702609255672,91.13612916712295,13,0.003992571244040792
905,0.9257749942804852,0.014413702609255672,91.13612916712295,13,0.00399257124550775
906,0.9257749942804852,0.014413702609255672,91.13612916712295,13,0.003992571243089905
907,0.9257749942804852,0.014413702609255672,91.13612916712295,13,0.003992571243301617
908,0.9257749942804852,0.014413702609255672,91.13612916712295,13,0.003992571245919884
909,0.9257749942804852,0.014413702609255672,91.13612916712295,13,0.00399257124405879
910,0.9257749942804852,0.014413702609255672,91.13612916712295,13,0.003992571244017975
911,0.9257749942804852,0.014413702609255672,91.13612916712295,13,0.003992571243129342
912,0.9257749942804852,0.014413702609255672,91.13612916712295,13,0.00399257124467666
913,0.9257749942804852,0.014413702609255672,91.13612916712295,13,0.003992571246324433
914,0.9257749942804852,0.014413702609255672,91.13612916712295,13,0.003992571245868003
915,0.9257749942804852,0.014413702609255672,91.13612916712295,13,0.003992571244365059
916,0.9257749942804852,0.014413702609255672,91.13612916712295,13,0.003992571243526298
917,0.9257749942804852,0.014413702609255672,91.13612916712295,13,0.003992571245317383
918,0.9257749942804852,0.014413702609255672,91.13612916712295,13,0.003992571244499965
919,0.9257749942804852,0.014413702609255672,91.13612916712295,13,0.003992571245096491
920,0.9257749942804852,0.014413702609255672,91.13612916712295,13,0.0039925712447211196
921,0.9257749942804852,0.014413702609255672,91.13612916712295,13,0.003992571246015096
922,0.9257749942804852,0.014413702609255672,91.13612916712295,13,0.003992571245291682
923,0.9257749942804852,0.014413702609255672,91.13612916712295,13,0.003992571247408865
924,0.9257749942804852,0.014413702609255672,91.13612916712295,13,0.00399257124350899
925,0.9257749942804852,0.014413702609255672,91.13612916712295,13,0.003992571245703982
926,0.9257749942804852,0.014413702609255672,91.13612916712295,13,0.003992571245072582
927,0.9257749942804852,0.014413702609255672,91.13612916712295,13,0.003992571246624033
928,0.9257749942804852,0.014413702609255672,91.13612916712295,13,0.003992571245875066
929,0.9257749942804852,0.014413702609255672,91.13612916712295,13,0.003992571245958733
930,0.9257749942804852,0.014413702609255672,91.13612916712295,13,0.003992571243285488
931,0.9257749942804852,0.014413702609255672,91.13612916712295,13,0.003992571244157232
932,0.9257749942804852,0.014413702609255672,91.13612916712295,13,0.0039925712450343915
933,0.9257749942804852,0.014413702609255672,91.13612916712295,13,0.003992571244874984
934,0.9257749942804852,0.014413702609255672,91.13612916712295,13,0.0039925712465298906
935,0.9257749942804852,0.014413702609255672,91.13612916712295,13,0.003992571245804251
936,0.9257749942804852,0.014413702609255672,91.13612916712295,13,0.003992571244349469
937,0.9257749942804852,0.014413702609255672,91.13612916712295,13,0.003992571245187671
938,0.9257749942804852,0.014413702609255672,91.13612916712295,13,0.003992571245016782
939,0.9257749942804852,0.014413702609255672,91.13612916712295,13,0.0039925712430391724
940,0.9257749942804852,0.014413702609255672,91.13612916712295,13,0.003992571245818108
941,0.9257749942804852,0.014413702609255672,91.13612916712295,13,0.003992571245386481
942,0.9257749942804852,0.014413702609255672,91.13612916712295,13,0.003992571246155576
943,0.9257749942804852,0.014413702609255672,91.13612916712295,13,0.003992571245154189
944,0.9257749942804852,0.014413702609255672,91.13612916712295,13,0.003992571244048317
945,0.9257749942804852,0.014413702609255672,91.13612916712295,13,0.003992571245260913
946,0.9257749942804852,0.014413702609255672,91.13612916712295,13,0.003992571244251439
947,0.9257749942804852,0.014413702609255672,91.13612916712295,13,0.0039925712448887285
948,0.9257749942804852,0.014413702609255672,91.13612916712295,13,0.003992571244515654
949,0.9257749942804852,0.014413702609255672,91.13612916712295,13,0.003992571245355314
950,0.9257749942804852,0.014413702609255672,91.13612916712295,13,0.003992571244379977
951,0.9257749942804852,0.014413702609255672,91.13612916712295,13,0.003992571243801719
952,0.9257749942804852,0.014413702609255672,91.13612916712295,13,0.003992571244817161
953,0.9257749942804852,0.014413702609255672,91.13612916712295,13,0.003992571245356815
954,0.9257749942804852,0.014413702609255672,91.13612916712295,13,0.003992571244511019
955,0.9257749942804852,0.014413702609255672,91.13612916712295,13,0.003992571244545822
956,0.9257749942804852,0.014413702609255672,91.13612916712295,13,0.003992571244586044
957,0.9257749942804852,0.014413702609255672,91.13612916712295,13,0.003992571244825239
958,0.9257749942804852,0.014413702609255672,91.13612916712295,13,0.003992571245198728
959,0.9257749942804852,0.014413702609255672,91.13612916712295,13,0.003992571244701
960,0.9257749942804852,0.014413702609255672,91.13612916712295,13,0.003992571244857551
961,0.9257749942804852,0.014413702609255672,91.13612916712295,13,0.003992571244721093
962,0.9257749942804852,0.014413702609255672,91.13612916712295,13,0.003992571245020563
963,0.9257749942804852,0.014413702609255672,91.13612916712295,13,0.003992571244563427
964,0.9257749942804852,0.014413702609255672,91.13612916712295,13,0.003992571244707345
965,0.9257749942804852,0.014413702609255672,91.13612916712295,13,0.003992571244972232
966,0.9257749942804852,0.014413702609255672,91.13612916712295,13,0.003992571244275029
967,0.9257749942804852,0.014413702609255672,91.13612916712295,13,0.003992571244672143
968,0.9257749942804852,0.014413702609255672,91.13612916712295,13,0.003992571244750396
969,0.9257749942804852,0.014413702609255672,91.13612916712295,13,0.003992571244599837
970,0.9257749942804852,0.014413702609255672,91.13612916712295,13,0.0039925712448632515
971,0.9257749942804852,0.014413702609255672,91.13612916712295,13,0.003992571244734951
972,0.9257749942804852,0.014413702609255672,91.13612916712295,13,0.003992571244925464
973,0.9257749942804852,0.014413702609255672,91.13612916712295,13,0.003992571244447722
974,0.9257749942804852,0.014413702609255672,91.13612916712295,13,0.0039925712447541955
975,0.9257749942804852,0.014413702609255672,91.13612916712295,13,0.003992571244483262
976,0.9257749942804852,0.014413702609255672,91.13612916712295,13,0.003992571244786598
977,0.9257749942804852,0.014413702609255672,91.13612916712295,13,0.003992571244493445
978,0.9257749942804852,0.014413702609255672,91.13612916712295,13,0.0039925712448439146
979,0.9257749942804852,0.014413702609255672,91.13612916712295,13,0.003992571244531936
980,0.9257749942804852,0.014413702609255672,91.13612916712295,13,0.003992571244975119
981,0.9257749942804852,0.014413702609255672,91.13612916712295,13,0.003992571244310622
982,0.9257749942804852,0.014413702609255672,91.13612916712295,13,0.00399257124459957
983,0.9257749942804852,0.014413702609255672,91.13612916712295,13,0.00399257124420479
984,0.9257749942804852,0.014413702609255672,91.13612916712295,13,0.003992571244465076
985,0.9257749942804852,0.014413702609255672,91.13612916712295,13,0.003992571244577704
986,0.9257749942804852,0.014413702609255672,91.13612916712295,13,0.0039925712448640824
987,0.9257749942804852,0.014413702609255672,91.13612916712295,13,0.00399257124470474
988,0.9257749942804852,0.014413702609255672,91.13612916712295,13,0.003992571244463804
989,0.9257749942804852,0.014413702609255672,91.13612916712295,13,0.003992571244693859
990,0.9257749942804852,0.014413702609255672,91.13612916712295,13,0.003992571244624441
991,0.9257749942804852,0.014413702609255672,91.13612916712295,13,0.003992571244705301
992,0.9257749942804852,0.014413702609255672,91.13612916712295,13,0.003992571244698645
993,0.9257749942804852,0.014413702609255672,91.13612916712295,13,0.003992571244717144
994,0.9257749942804852,0.014413702609255672,91.13612916712295,13,0.003992571244746128
995,0.9257749942804852,0.014413702609255672,91.13612916712295,13,0.003992571244558595
996,0.9257749942804852,0.014413702609255672,91.13612916712295,13,0.003992571244689117
997,0.9257749942804852,0.014413702609255672,91.13612916712295,13,0.003992571244589555
998,0.9257749942804852,0.014413702609255672,91.13612916712295,13,0.003992571244736603
999,0.9257749942804852,0.014413702609255672,91.13612916712295,13,0.003992571244849825
