trial,roc_auc_mean,roc_auc_std,value,contamination,n_components
0,0.48399942404379176,0.38940688232054893,9.459254172324282,0.0010070568856889012,0.5966307982222783
1,0.4839733444782821,0.3893819396048685,9.459140487341362,0.004932159405452242,0.7353298350505748
2,0.484051726640633,0.38940908520373396,9.464264143689904,0.004796090796538127,0.9074092942222143
3,0.48399942404379176,0.38940688232054893,9.459254172324282,0.00038683949236603866,0.6089535788116405
4,0.4841400594731818,0.389412413535568,9.47276459376138,0.0001836463646554247,0.9795061399885143
5,0.48399942404379176,0.38940688232054893,9.459254172324282,0.0019555818333467138,0.5964059282904421
6,0.4839733444782821,0.3893819396048685,9.459140487341362,0.004039479915619195,0.7500295986748883
7,0.48404260741557553,0.38940874387694807,9.463386353862745,0.004878396906927223,0.8033400829088362
8,0.48411699092504895,0.3894115404620688,9.470545046298017,0.0016767223214956164,0.8814295770198026
9,0.4840389923406685,0.3894085835891177,9.463040875155082,0.0020565746167877925,0.9572739471322791
10,0.4841551293789972,0.38941298535995433,9.474214401904286,0.003252501034431547,0.9956801464257458
11,0.4840390138226503,0.3894086094882896,9.46304043343607,0.0036730833662299268,0.9432461528905752
12,0.4841551293789972,0.38941298535995433,9.474214401904286,0.0029063352713278325,0.996494670988133
13,0.48404260741557553,0.38940874387694807,9.463386353862745,0.003029246825290337,0.8397382257813655
14,0.48369631476910396,0.3889644200748991,9.473189469420484,0.0029249873336537864,0.504789922045318
15,0.4841551293789972,0.38941298535995433,9.474214401904286,0.0036899646775301947,0.9975397039382475
16,0.48411699092504895,0.3894115404620688,9.470545046298017,0.0027680364462005294,0.8884549095975368
17,0.48404260741557553,0.38940874387694807,9.463386353862745,0.003460186256788228,0.8026756069366355
18,0.48399942404379176,0.38940688232054893,9.459254172324282,0.0041912259236666135,0.6836250234162815
19,0.484051726640633,0.38940908520373396,9.464264143689904,0.002295022797333753,0.9356384988547785
20,0.48404260741557553,0.38940874387694807,9.463386353862745,0.0014253044255423458,0.8442996576076588
21,0.4841551293789972,0.38941298535995433,9.474214401904286,0.003377188635966727,0.9927068633577536
22,0.4841551293789972,0.38941298535995433,9.474214401904286,0.004054402602455685,0.9983833266190952
23,0.484051726640633,0.38940908520373396,9.464264143689904,0.0025141309685335106,0.9279707293308237
24,0.4840389923406685,0.3894085835891177,9.463040875155082,0.0032145487164010737,0.95417467647026
25,0.4841551293789972,0.38941298535995433,9.474214401904286,0.00374308124824492,0.9942883988793236
26,0.48411699092504895,0.3894115404620688,9.470545046298017,0.004428410999348524,0.8742187259186939
27,0.484051726640633,0.38940908520373396,9.464264143689904,0.002436473421754975,0.9074574802232391
28,0.4840389923406685,0.3894085835891177,9.463040875155082,0.0027903851328230883,0.9633423116707409
29,0.48404260741557553,0.38940874387694807,9.463386353862745,0.003580040870097535,0.8436421480822097
30,0.484051726640633,0.38940908520373396,9.464264143689904,0.0009487579300399545,0.9131695577641825
31,0.4840928404349602,0.3894106293667344,9.468221106822583,0.0033098123919627037,0.9836286799100447
32,0.4841551293789972,0.38941298535995433,9.474214401904286,0.0031587401072202545,0.9957639795623137
33,0.4840389923406685,0.3894085835891177,9.463040875155082,0.0037739813364645763,0.9613588099564457
34,0.484051726640633,0.38940908520373396,9.464264143689904,0.004481468527118472,0.9330653394233233
35,0.4840389923406685,0.3894085835891177,9.463040875155082,0.0027201557175253947,0.9659615005855002
36,0.4839733444782821,0.3893819396048685,9.459140487341362,0.0033927433506738096,0.7268980203705971
37,0.484051726640633,0.38940908520373396,9.464264143689904,0.0038185640137310163,0.9130335887470417
38,0.4841551293789972,0.38941298535995433,9.474214401904286,0.004585462146817724,0.9982083758924114
39,0.48399942404379176,0.38940688232054893,9.459254172324282,0.003098242373391066,0.6605873511317292
40,0.48411699092504895,0.3894115404620688,9.470545046298017,0.0022780488591811698,0.8718263212789343
41,0.4841400594731818,0.389412413535568,9.47276459376138,0.00407461596885895,0.9768668135136652
42,0.4841551293789972,0.38941298535995433,9.474214401904286,0.003953764323358378,0.9970704873172221
43,0.4840390138226503,0.3894086094882896,9.46304043343607,0.004273894154935544,0.9450067627132741
44,0.4841400594731818,0.389412413535568,9.47276459376138,0.0033851206409454258,0.9721451838050983
45,0.4841400594731818,0.389412413535568,9.47276459376138,0.00472908914662098,0.975736011407716
46,0.484051726640633,0.38940908520373396,9.464264143689904,0.0036067573987265344,0.9284186340348399
47,0.4840389923406685,0.3894085835891177,9.463040875155082,0.0029609102591013577,0.9495578049007631
48,0.484051726640633,0.38940908520373396,9.464264143689904,0.00400072219882444,0.9015849212527721
49,0.48369631476910396,0.3889644200748991,9.473189469420484,0.0018361005605891413,0.5144518749930254
50,0.4839733444782821,0.3893819396048685,9.459140487341362,0.0035481680664043442,0.7859478779765592
51,0.4840928404349602,0.3894106293667344,9.468221106822583,0.0038294457274790617,0.9897411524751772
52,0.4840928404349602,0.3894106293667344,9.468221106822583,0.004965942430085165,0.9827548229314895
53,0.4841551293789972,0.38941298535995433,9.474214401904286,0.0032677181600733064,0.996042152175801
54,0.4840389923406685,0.3894085835891177,9.463040875155082,0.004275095215496827,0.9505311430133981
55,0.4842066761850427,0.3894149501042963,9.479172608074643,0.0028830001050153676,0.9994632404726478
56,0.484051726640633,0.38940908520373396,9.464264143689904,0.002663110643192891,0.9317184169603874
57,0.4841400379912,0.3894123876422233,9.472765034897668,0.002912392568239623,0.9684472619560098
58,0.4840389923406685,0.3894085835891177,9.463040875155082,0.0021437389080946096,0.9638145399947314
59,0.48404260741557553,0.38940874387694807,9.463386353862745,0.003110516999500351,0.8584493567073423
60,0.4840390138226503,0.3894086094882896,9.46304043343607,0.002523915204894398,0.9443755144907174
61,0.4841551293789972,0.38941298535995433,9.474214401904286,0.0035142213964991153,0.9980957996646788
62,0.4841400594731818,0.389412413535568,9.47276459376138,0.003672594537906331,0.9773273756830835
63,0.48411699092504895,0.3894115404620688,9.470545046298017,0.003848614034352844,0.89292393018366
64,0.4840389923406685,0.3894085835891177,9.463040875155082,0.002980769343618266,0.9569156637326783
65,0.4841400594731818,0.389412413535568,9.47276459376138,0.004129220845694942,0.9807272014369897
66,0.484051726640633,0.38940908520373396,9.464264143689904,0.0028445224349392642,0.9197780067170105
67,0.4841551293789972,0.38941298535995433,9.474214401904286,0.0032171101103723666,0.9985440494531708
68,0.4840654611438906,0.38940934916747133,9.465611197641927,0.003434791045297668,0.5642562446953043
69,0.4840390138226503,0.3894086094882896,9.46304043343607,0.002621445608277774,0.9403109345383891
70,0.4840928404349602,0.3894106293667344,9.468221106822583,0.002384008449311968,0.982965194667706
71,0.4840389923406685,0.3894085835891177,9.463040875155082,0.003149942582863816,0.9629095881005858
72,0.4840928404349602,0.3894106293667344,9.468221106822583,0.0033323138045117124,0.9874721813334922
73,0.4841400594731818,0.389412413535568,9.47276459376138,0.003717859488348791,0.9706246890330047
74,0.4841551293789972,0.38941298535995433,9.474214401904286,0.0030536432147850725,0.9977280328639906
75,0.4840389923406685,0.3894085835891177,9.463040875155082,0.003936316531574269,0.9514374724062612
76,0.48399942404379176,0.38940688232054893,9.459254172324282,0.0005891437395090741,0.6912336950730757
77,0.484051726640633,0.38940908520373396,9.464264143689904,0.0027854833281607174,0.9241750781138088
78,0.4840928404349602,0.3894106293667344,9.468221106822583,0.0036563455462187257,0.9859974779593312
79,0.48404260741557553,0.38940874387694807,9.463386353862745,0.004380187384762227,0.8148086750117041
80,0.4840389923406685,0.3894085835891177,9.463040875155082,0.0032107701796676037,0.9585364297617995
81,0.4841400594731818,0.389412413535568,9.47276459376138,0.0046449158449397366,0.9718499685056667
82,0.4841551293789972,0.38941298535995433,9.474214401904286,0.004555288643151047,0.9978878655276785
83,0.4840928404349602,0.3894106293667344,9.468221106822583,0.0035032609526487184,0.9831126645542795
84,0.4840928404349602,0.3894106293667344,9.468221106822583,0.004266899462893215,0.985381718862077
85,0.4842066761850427,0.3894149501042963,9.479172608074643,0.004755697986808431,0.9996643280938478
86,0.4840390138226503,0.3894086094882896,9.46304043343607,0.004837736859303593,0.9391231771911973
87,0.4841400594731818,0.389412413535568,9.47276459376138,0.003376162495034785,0.9702591201789045
88,0.4840389923406685,0.3894085835891177,9.463040875155082,0.00288496616005233,0.9528185669022979
89,0.4839733444782821,0.3893819396048685,9.459140487341362,0.003905121164582912,0.7502887728394463
90,0.4840928404349602,0.3894106293667344,9.468221106822583,0.0040827958097094785,0.9904930256040283
91,0.4841400594731818,0.389412413535568,9.47276459376138,0.004663575354141889,0.975247917919775
92,0.4841551293789972,0.38941298535995433,9.474214401904286,0.004500140675234778,0.9982583756574865
93,0.4842066761850427,0.3894149501042963,9.479172608074643,0.0048455697679724895,0.9995570282850419
94,0.4840389923406685,0.3894085835891177,9.463040875155082,0.004902189082403421,0.9618737423256796
95,0.4840928404349602,0.3894106293667344,9.468221106822583,0.003035631626903979,0.986692404132833
96,0.4842066761850427,0.3894149501042963,9.479172608074643,0.004367321412482585,0.9997178980656145
97,0.4841400594731818,0.389412413535568,9.47276459376138,0.004390105451270515,0.9754742682629556
98,0.4840389923406685,0.3894085835891177,9.463040875155082,0.004814166113531295,0.9612454807671031
99,0.4840390138226503,0.3894086094882896,9.46304043343607,0.004214256589293025,0.9455475026452762
100,0.4840928404349602,0.3894106293667344,9.468221106822583,0.0047206400880890126,0.9883701019025913
101,0.4841551293789972,0.38941298535995433,9.474214401904286,0.004002590562526006,0.9979727609526673
102,0.4841400594731818,0.389412413535568,9.47276459376138,0.003601974172260138,0.9763225599909363
103,0.4840928404349602,0.3894106293667344,9.468221106822583,0.004970859045686723,0.9876189151140979
104,0.4841400379912,0.3894123876422233,9.472765034897668,0.004333075994336468,0.9676995968901858
105,0.48399942404379176,0.38940688232054893,9.459254172324282,0.003772585064348673,0.6197421337594534
106,0.4841400594731818,0.389412413535568,9.47276459376138,0.0033087408572645013,0.9785036253517936
107,0.4842066761850427,0.3894149501042963,9.479172608074643,0.0041494299236917625,0.9994472649301579
108,0.4841899447255092,0.3894143108776579,9.477563384785132,0.004100818562874151,0.9999939028627258
109,0.4842066761850427,0.3894149501042963,9.479172608074643,0.004086693427670949,0.9994184874901726
110,0.4842066761850427,0.3894149501042963,9.479172608074643,0.004186410829587071,0.9998116039654816
111,0.4841551293789972,0.38941298535995433,9.474214401904286,0.004161513736575754,0.9915766849103936
112,0.4842066761850427,0.3894149501042963,9.479172608074643,0.0044304682880579906,0.999658782174003
113,0.4842066761850427,0.3894149501042963,9.479172608074643,0.004485306554105318,0.9987578652444333
114,0.4841400594731818,0.389412413535568,9.47276459376138,0.004463855114663838,0.9767951917719782
115,0.4840928404349602,0.3894106293667344,9.468221106822583,0.004598659421945421,0.98772540339764
116,0.4842066761850427,0.3894149501042963,9.479172608074643,0.004753934280764516,0.9993491209655114
117,0.4840389923406685,0.3894085835891177,9.463040875155082,0.004767483306220868,0.9638194317937554
118,0.4840389923406685,0.3894085835891177,9.463040875155082,0.0042934805271074815,0.955193395291206
119,0.4841400594731818,0.389412413535568,9.47276459376138,0.004510164985646649,0.9794950745358387
120,0.4841400594731818,0.389412413535568,9.47276459376138,0.004589512438909877,0.9692983153652257
121,0.4840928404349602,0.3894106293667344,9.468221106822583,0.004414660540381781,0.9864148157914455
122,0.4841551293789972,0.38941298535995433,9.474214401904286,0.004732461529006801,0.9958723484548612
123,0.4842066761850427,0.3894149501042963,9.479172608074643,0.004212993430596147,0.9991801889789411
124,0.4841551293789972,0.38941298535995433,9.474214401904286,0.004182454631519995,0.996666092441617
125,0.4841400594731818,0.389412413535568,9.47276459376138,0.004999897547154703,0.980187978794961
126,0.4841551293789972,0.38941298535995433,9.474214401904286,0.004349284497740997,0.9975186739007498
127,0.4840928404349602,0.3894106293667344,9.468221106822583,0.0040934227792673574,0.9878623805025575
128,0.4842066761850427,0.3894149501042963,9.479172608074643,0.004854634566692882,0.9995727487926689
129,0.4842066761850427,0.3894149501042963,9.479172608074643,0.004870574401613556,0.9993879764340029
130,0.4841400594731818,0.389412413535568,9.47276459376138,0.00486704841881341,0.970753553402341
131,0.4840928404349602,0.3894106293667344,9.468221106822583,0.0014656365608759357,0.9876471714557172
132,0.4841551293789972,0.38941298535995433,9.474214401904286,0.004687869745029712,0.9980620934839137
133,0.4841400594731818,0.389412413535568,9.47276459376138,0.004817682583659608,0.9771789716323324
134,0.4840389923406685,0.3894085835891177,9.463040875155082,0.004545394830477686,0.9587458011339887
135,0.4842066761850427,0.3894149501042963,9.479172608074643,0.004900942880865499,0.9998475686946856
136,0.4840928404349602,0.3894106293667344,9.468221106822583,0.004907751782162598,0.9852262639343823
137,0.4841400379912,0.3894123876422233,9.472765034897668,0.004646831290334068,0.9686359625694144
138,0.4841400594731818,0.389412413535568,9.47276459376138,0.004762526450948627,0.979651842198217
139,0.4842066761850427,0.3894149501042963,9.479172608074643,0.004453334322431847,0.9997603647975074
140,0.4840389923406685,0.3894085835891177,9.463040875155082,0.004900331974698596,0.9479198932804985
141,0.4840928404349602,0.3894106293667344,9.468221106822583,0.004390064476715547,0.9893972941091799
142,0.4841551293789972,0.38941298535995433,9.474214401904286,0.0044718476184996666,0.9981740464065804
143,0.4840928404349602,0.3894106293667344,9.468221106822583,0.004622409578738653,0.9896713121144909
144,0.4842066761850427,0.3894149501042963,9.479172608074643,0.004244125539015774,0.9999033292368124
145,0.4841400594731818,0.389412413535568,9.47276459376138,0.00481401504064357,0.9713302519446552
146,0.4841400594731818,0.389412413535568,9.47276459376138,0.004997353373533159,0.9793270497055694
147,0.48419052433727133,0.38941433299774464,9.47761913395267,0.004708060751881355,0.9999180832860761
148,0.4840928404349602,0.3894106293667344,9.468221106822583,0.004507536786399533,0.9872788654811809
149,0.4840389923406685,0.3894085835891177,9.463040875155082,0.004583533140898645,0.962709758998634
150,0.4841400594731818,0.389412413535568,9.47276459376138,0.004426656078974768,0.9784041555944737
151,0.4840928404349602,0.3894106293667344,9.468221106822583,0.004226158423443919,0.9902163127736777
152,0.4842066761850427,0.3894149501042963,9.479172608074643,0.0042616783003362755,0.999299064264514
153,0.4842066761850427,0.3894149501042963,9.479172608074643,0.004310117061218575,0.9998707705149192
154,0.4840928404349602,0.3894106293667344,9.468221106822583,0.003924518675542481,0.9836306781428554
155,0.4841400594731818,0.389412413535568,9.47276459376138,0.004036438277459288,0.9745530336943291
156,0.4841884377349277,0.38941425337350155,9.477418436142615,0.004837146897653909,0.9999560667355065
157,0.4840928404349602,0.3894106293667344,9.468221106822583,0.004178775729564877,0.9880393177206402
158,0.4840389923406685,0.3894085835891177,9.463040875155082,0.004691804369223146,0.9566779031786441
159,0.4841400379912,0.3894123876422233,9.472765034897668,0.0045225130845797466,0.9676503405224451
160,0.4840928404349602,0.3894106293667344,9.468221106822583,0.004369059309471643,0.9884248725373842
161,0.4841551293789972,0.38941298535995433,9.474214401904286,0.0043069927073805,0.9982042438249021
162,0.4842066761850427,0.3894149501042963,9.479172608074643,0.004206887811808211,0.9997240140434703
163,0.4840928404349602,0.3894106293667344,9.468221106822583,0.004909892615976756,0.9829300480774493
164,0.4841400594731818,0.389412413535568,9.47276459376138,0.004763193346380266,0.9742353011197173
165,0.4840928404349602,0.3894106293667344,9.468221106822583,0.004457856073676108,0.9899458455128678
166,0.4840928404349602,0.3894106293667344,9.468221106822583,0.00011534950736403864,0.9894179723682496
167,0.4841400594731818,0.389412413535568,9.47276459376138,0.0046130747469614155,0.9788653364896985
168,0.4842066761850427,0.3894149501042963,9.479172608074643,0.003989103811370689,0.9992006533037713
169,0.48404260741557553,0.38940874387694807,9.463386353862745,0.0042839016612220135,0.8273857527601348
170,0.4841400379912,0.3894123876422233,9.472765034897668,0.004066620185969486,0.9681258668023331
171,0.4841551293789972,0.38941298535995433,9.474214401904286,0.004285063064342172,0.9910216406043046
172,0.4842066761850427,0.3894149501042963,9.479172608074643,0.0041443025435545545,0.9992321048526681
173,0.4841400594731818,0.389412413535568,9.47276459376138,0.004366338120974052,0.9801877739065993
174,0.4839733444782821,0.3893819396048685,9.459140487341362,0.004543481650115831,0.7680409901217378
175,0.4840928404349602,0.3894106293667344,9.468221106822583,0.004752945140712006,0.9903857781392434
176,0.4842066761850427,0.3894149501042963,9.479172608074643,0.004223802064390381,0.9995854492054621
177,0.4841400594731818,0.389412413535568,9.47276459376138,0.004409001133483035,0.981139527348068
178,0.4842066761850427,0.3894149501042963,9.479172608074643,0.0020169343040545504,0.9999152490000468
179,0.4840928404349602,0.3894106293667344,9.468221106822583,0.004863818887606581,0.9901316105622286
180,0.48369631476910396,0.3889644200748991,9.473189469420484,0.004637363098497804,0.5422631053442626
181,0.4842066761850427,0.3894149501042963,9.479172608074643,0.004227066427903145,0.9995059207145135
182,0.4840928404349602,0.3894106293667344,9.468221106822583,0.004172215237132199,0.9894119888803791
183,0.48399942404379176,0.38940688232054893,9.459254172324282,0.004285752925249301,0.6989927447369086
184,0.4841400594731818,0.389412413535568,9.47276459376138,0.004090979938723158,0.9792874815241526
185,0.4842066761850427,0.3894149501042963,9.479172608074643,0.003892149702472354,0.9994629972092831
186,0.4842066761850427,0.3894149501042963,9.479172608074643,0.004501999697566684,0.9998063039275813
187,0.4841400594731818,0.389412413535568,9.47276459376138,0.0049261216440315385,0.9698505318156223
188,0.4840928404349602,0.3894106293667344,9.468221106822583,0.004384371243001095,0.9834243058139385
189,0.4840928404349602,0.3894106293667344,9.468221106822583,0.0011369383236383554,0.9897662956066492
190,0.48399942404379176,0.38940688232054893,9.459254172324282,0.004671416571255334,0.6398396931262704
191,0.4842066761850427,0.3894149501042963,9.479172608074643,0.003949794114948636,0.9995974396664514
192,0.4840928404349602,0.3894106293667344,9.468221106822583,0.0040104061278280175,0.986878169778385
193,0.48419052433727133,0.38941433299774464,9.47761913395267,0.0043182239962677345,0.9999321613805281
194,0.4841400594731818,0.389412413535568,9.47276459376138,0.004175562389484558,0.9773134956464105
195,0.4840928404349602,0.3894106293667344,9.468221106822583,0.004013525316982754,0.9881427199766104
196,0.4840928404349602,0.3894106293667344,9.468221106822583,0.004116959366327141,0.990558548486702
197,0.4841400594731818,0.389412413535568,9.47276459376138,0.004993057497532588,0.9729254505935598
198,0.4840928404349602,0.3894106293667344,9.468221106822583,0.004799680198357624,0.9909450592898582
199,0.4840928404349602,0.3894106293667344,9.468221106822583,0.004475274627803401,0.9825926197630706
200,0.4842066761850427,0.3894149501042963,9.479172608074643,0.004238128142432707,0.999334489231699
201,0.4841551293789972,0.38941298535995433,9.474214401904286,0.004131303418387055,0.9926517482156323
202,0.4842066761850427,0.3894149501042963,9.479172608074643,0.0038187163111805898,0.9996844462137066
203,0.4841400594731818,0.389412413535568,9.47276459376138,0.0043283829610869014,0.980258443468691
204,0.4842066761850427,0.3894149501042963,9.479172608074643,0.004243184812839569,0.9990482198897482
205,0.4840928404349602,0.3894106293667344,9.468221106822583,0.0017809632709715713,0.9896309894785127
206,0.4840928404349602,0.3894106293667344,9.468221106822583,0.004138365718838369,0.9821633651483692
207,0.4841400594731818,0.389412413535568,9.47276459376138,0.00440936242320488,0.9701151411277421
208,0.4841884377349277,0.38941425337350155,9.477418436142615,0.004018034926338457,0.9999579127719542
209,0.4841899447255092,0.3894143108776579,9.477563384785132,0.004589770935232818,0.9999947481000805
210,0.4840928404349602,0.3894106293667344,9.468221106822583,0.004855829123230777,0.9887552420511864
211,0.4841551293789972,0.38941298535995433,9.474214401904286,0.004223577391090973,0.9916249311381938
212,0.4841400594731818,0.389412413535568,9.47276459376138,0.004163017285758195,0.9806298551284038
213,0.4841551293789972,0.38941298535995433,9.474214401904286,0.004314539492861104,0.9913218425486535
214,0.4842066761850427,0.3894149501042963,9.479172608074643,0.0021839345380456785,0.9991058053927899
215,0.4841400594731818,0.389412413535568,9.47276459376138,0.00406260484006684,0.980050659564121
216,0.4840928404349602,0.3894106293667344,9.468221106822583,0.004205125420619296,0.9903913542041319
217,0.4842066761850427,0.3894149501042963,9.479172608074643,0.004439598628873836,0.9988728423365713
218,0.4841400594731818,0.389412413535568,9.47276459376138,0.004703993970867484,0.9743971217560696
219,0.48419052433727133,0.38941433299774464,9.47761913395267,0.004311930220416147,0.9999422663674469
220,0.4840928404349602,0.3894106293667344,9.468221106822583,0.003947210808537355,0.9830296107127159
221,0.4841551293789972,0.38941298535995433,9.474214401904286,0.004197370987434448,0.9920898636104675
222,0.4842066761850427,0.3894149501042963,9.479172608074643,0.004784966129848503,0.9997487423254187
223,0.4842066761850427,0.3894149501042963,9.479172608074643,0.004087598909710651,0.9998815881449334
224,0.4840928404349602,0.3894106293667344,9.468221106822583,0.0018740011242339297,0.9887706479648414
225,0.4842066761850427,0.3894149501042963,9.479172608074643,0.002093926160945965,0.9998110967466164
226,0.4840928404349602,0.3894106293667344,9.468221106822583,0.004412896290758562,0.9836471289209473
227,0.4840928404349602,0.3894106293667344,9.468221106822583,0.0014366476273954198,0.988500011786033
228,0.4841400594731818,0.389412413535568,9.47276459376138,0.001615819438787018,0.9736344178543395
229,0.4840928404349602,0.3894106293667344,9.468221106822583,0.004893886164241922,0.9897613294304514
230,0.4841400594731818,0.389412413535568,9.47276459376138,0.004540789488877438,0.9808985158822636
231,0.4842066761850427,0.3894149501042963,9.479172608074643,0.0042115755762569835,0.998885925486207
232,0.4841551293789972,0.38941298535995433,9.474214401904286,0.004256042670232976,0.9914577769979259
233,0.4842066761850427,0.3894149501042963,9.479172608074643,0.004305185564872633,0.9998726605498965
234,0.4840928404349602,0.3894106293667344,9.468221106822583,0.004117077855284353,0.9907751384911624
235,0.4842066761850427,0.3894149501042963,9.479172608074643,0.004236974902703185,0.9995024814043361
236,0.4840928404349602,0.3894106293667344,9.468221106822583,0.004373352633352214,0.9823432659431858
237,0.4841551293789972,0.38941298535995433,9.474214401904286,0.002263116059448849,0.9913376682346817
238,0.4840928404349602,0.3894106293667344,9.468221106822583,0.004140741955852141,0.9823969246371712
239,0.4842066761850427,0.3894149501042963,9.479172608074643,0.0024310909087118236,0.9995075297633299
240,0.48404260741557553,0.38940874387694807,9.463386353862745,0.001202713424332751,0.853329060390611
241,0.4842066761850427,0.3894149501042963,9.479172608074643,0.004006536915081736,0.9994617656114619
242,0.4840928404349602,0.3894106293667344,9.468221106822583,0.003853687947056668,0.9909400393633181
243,0.4840928404349602,0.3894106293667344,9.468221106822583,0.0039285363536021075,0.9906146124011846
244,0.4841551293789972,0.38941298535995433,9.474214401904286,0.004043101346024089,0.9914784708551403
245,0.4842066761850427,0.3894149501042963,9.479172608074643,0.0007362994673273109,0.9988878709540461
246,0.4841400594731818,0.389412413535568,9.47276459376138,0.004253064982997439,0.9780198217516096
247,0.4840928404349602,0.3894106293667344,9.468221106822583,0.00499191037641313,0.9842320686269924
248,0.4840928404349602,0.3894106293667344,9.468221106822583,0.004353187347320598,0.9900182163517008
249,0.4842066761850427,0.3894149501042963,9.479172608074643,0.004762459671946258,0.999724309184385
250,0.4841400594731818,0.389412413535568,9.47276459376138,0.004167617527111698,0.9694497478048943
251,0.4842066761850427,0.3894149501042963,9.479172608074643,0.004490217073372026,0.9992677983815471
252,0.4840928404349602,0.3894106293667344,9.468221106822583,0.002671393583384225,0.9821151194577684
253,0.4840928404349602,0.3894106293667344,9.468221106822583,0.0048695939451064,0.9901689376307715
254,0.4842066761850427,0.3894149501042963,9.479172608074643,0.004662428347998732,0.9998904871809772
255,0.48399942404379176,0.38940688232054893,9.459254172324282,0.004096691227074456,0.5917797958275102
256,0.4841400594731818,0.389412413535568,9.47276459376138,0.003871199635533893,0.9753279798787743
257,0.4840928404349602,0.3894106293667344,9.468221106822583,0.0042621763010222274,0.9843029741027006
258,0.4840928404349602,0.3894106293667344,9.468221106822583,0.004415520862125637,0.9902234392017173
259,0.4842066761850427,0.3894149501042963,9.479172608074643,0.0025479402921847402,0.9994606307129407
260,0.4840389923406685,0.3894085835891177,9.463040875155082,0.004322580648265231,0.9635001890275134
261,0.4839733444782821,0.3893819396048685,9.459140487341362,0.003966740913584254,0.7223842363283761
262,0.4841400594731818,0.389412413535568,9.47276459376138,0.004168972549286699,0.9774082942383308
263,0.4841551293789972,0.38941298535995433,9.474214401904286,0.004571768360148925,0.9914283927707865
264,0.4840928404349602,0.3894106293667344,9.468221106822583,0.0019669613842352874,0.9842101189556611
265,0.4842066761850427,0.3894149501042963,9.479172608074643,0.004811366218807785,0.9993144227605585
266,0.4842066761850427,0.3894149501042963,9.479172608074643,0.004055825579843572,0.9998291835322345
267,0.4840928404349602,0.3894106293667344,9.468221106822583,0.004455829253875378,0.9882802372525363
268,0.48399407459069305,0.38940693450451874,9.45871400861743,0.004337935312733108,0.7964649574700388
269,0.4841400594731818,0.389412413535568,9.47276459376138,0.004710295630480771,0.9750629404970476
270,0.4840928404349602,0.3894106293667344,9.468221106822583,0.004918727943824185,0.9902747845512403
271,0.4840928404349602,0.3894106293667344,9.468221106822583,0.0042381836457419456,0.9819118461238814
272,0.4842066761850427,0.3894149501042963,9.479172608074643,0.004144391066971706,0.9998252072681496
273,0.4841400594731818,0.389412413535568,9.47276459376138,0.004610393269991818,0.9715862548438942
274,0.4840928404349602,0.3894106293667344,9.468221106822583,0.003986258668502364,0.9909313592193524
275,0.4840928404349602,0.3894106293667344,9.468221106822583,0.003763810898650667,0.984056986086628
276,0.4840928404349602,0.3894106293667344,9.468221106822583,0.00448926141560075,0.989527277934304
277,0.48411699092504895,0.3894115404620688,9.470545046298017,0.0042032139844982615,0.8769629652707769
278,0.4842066761850427,0.3894149501042963,9.479172608074643,0.00028564470553007907,0.9994784643040132
279,0.4840389923406685,0.3894085835891177,9.463040875155082,0.004804109270876895,0.9632976361736506
280,0.4841400594731818,0.389412413535568,9.47276459376138,0.0040689005366202746,0.9772518556145431
281,0.4840928404349602,0.3894106293667344,9.468221106822583,0.0043657796379368684,0.9906862358505785
282,0.48419052433727133,0.38941433299774464,9.47761913395267,0.004923272632389786,0.9999188267630948
283,0.4840928404349602,0.3894106293667344,9.468221106822583,0.00427508679961539,0.9826455929135954
284,0.4842066761850427,0.3894149501042963,9.479172608074643,0.004135113270441051,0.9999028362761886
285,0.4841400594731818,0.389412413535568,9.47276459376138,0.004734271790989784,0.9723392011789173
286,0.4840928404349602,0.3894106293667344,9.468221106822583,0.0043908977018617635,0.9899886307559788
287,0.4840928404349602,0.3894106293667344,9.468221106822583,0.004241386733117228,0.9825569853347637
288,0.4840928404349602,0.3894106293667344,9.468221106822583,0.00448907554441208,0.990672646877898
289,0.4840928404349602,0.3894106293667344,9.468221106822583,0.004986241324260411,0.9908247796858001
290,0.4842066761850427,0.3894149501042963,9.479172608074643,0.004565909765606444,0.9998536009080392
291,0.4841400594731818,0.389412413535568,9.47276459376138,0.00391125347731769,0.9778547785029127
292,0.4840928404349602,0.3894106293667344,9.468221106822583,0.004845372630019016,0.9908352562903151
293,0.4840389923406685,0.3894085835891177,9.463040875155082,0.004073444448649865,0.963382997140228
294,0.4841400594731818,0.389412413535568,9.47276459376138,0.004275114222902075,0.9815048708223394
295,0.4842066761850427,0.3894149501042963,9.479172608074643,0.004663636884493884,0.9997114146363906
296,0.4840928404349602,0.3894106293667344,9.468221106822583,0.004180866550063708,0.9897241144027957
297,0.4841400594731818,0.389412413535568,9.47276459376138,0.004354574631985097,0.9701602441929533
298,0.4841400594731818,0.389412413535568,9.47276459376138,0.004403582828355496,0.9810548728630883
299,0.4840928404349602,0.3894106293667344,9.468221106822583,0.003990561177835835,0.9885764909780509
300,0.4840928404349602,0.3894106293667344,9.468221106822583,0.004728452225424845,0.9893425540726132
301,0.48411699092504895,0.3894115404620688,9.470545046298017,0.004113785327015704,0.8941108844062113
302,0.48399942404379176,0.38940688232054893,9.459254172324282,0.0015659013396351743,0.6728211333085157
303,0.4841400594731818,0.389412413535568,9.47276459376138,0.004298951511073312,0.974738991208953
304,0.4842066761850427,0.3894149501042963,9.479172608074643,0.004852029672421461,0.999269652038101
305,0.4842066761850427,0.3894149501042963,9.479172608074643,0.004572898672420132,0.9994947967806045
306,0.4840928404349602,0.3894106293667344,9.468221106822583,0.0041966302073496225,0.9830633337224826
307,0.4842066761850427,0.3894149501042963,9.479172608074643,0.004472025805576755,0.9998920937939024
308,0.4840928404349602,0.3894106293667344,9.468221106822583,0.0012988512494805427,0.989470353215399
309,0.4841400594731818,0.389412413535568,9.47276459376138,0.004030898858318053,0.9738726062671168
310,0.4840928404349602,0.3894106293667344,9.468221106822583,0.004316550408583421,0.9898702830772066
311,0.4841400594731818,0.389412413535568,9.47276459376138,0.004158877898280464,0.9814502093881778
312,0.4840928404349602,0.3894106293667344,9.468221106822583,0.0017289248624298413,0.9903425521408328
313,0.4840389923406685,0.3894085835891177,9.463040875155082,0.004639506681221188,0.9649278268947289
314,0.4842066761850427,0.3894149501042963,9.479172608074643,0.003914185274815119,0.9995234686993941
315,0.4840928404349602,0.3894106293667344,9.468221106822583,0.0049210581180058706,0.9826362570411031
316,0.4842066761850427,0.3894149501042963,9.479172608074643,0.004792198827637643,0.9998338245001658
317,0.4842066761850427,0.3894149501042963,9.479172608074643,0.004427362380350847,0.9998353199321919
318,0.4840928404349602,0.3894106293667344,9.468221106822583,0.00202531746348588,0.9897653103479106
319,0.4841400594731818,0.389412413535568,9.47276459376138,0.004245718111305522,0.9745902756915831
320,0.4840928404349602,0.3894106293667344,9.468221106822583,0.004110160664425878,0.9896491814499657
321,0.4841400594731818,0.389412413535568,9.47276459376138,0.004353514842605755,0.9813129673150556
322,0.4841551293789972,0.38941298535995433,9.474214401904286,0.0023552626777184967,0.9920320328257799
323,0.4840389923406685,0.3894085835891177,9.463040875155082,0.00453870304828275,0.9554216647644569
324,0.4841400594731818,0.389412413535568,9.47276459376138,0.0027741828732967475,0.9815600043412706
325,0.4842066761850427,0.3894149501042963,9.479172608074643,0.004222841616330648,0.9996161166646805
326,0.48369631476910396,0.3889644200748991,9.473189469420484,0.0049995337848589855,0.5149413122709228
327,0.4840928404349602,0.3894106293667344,9.468221106822583,0.004766840649742419,0.9905741310829781
328,0.4841400594731818,0.389412413535568,9.47276459376138,0.0038177153247088017,0.9695710386442955
329,0.4840928404349602,0.3894106293667344,9.468221106822583,0.004023786865289035,0.9909558046606415
330,0.4841400594731818,0.389412413535568,9.47276459376138,0.004673688742648297,0.980114561294547
331,0.4842066761850427,0.3894149501042963,9.479172608074643,0.004455095476401408,0.9997325144893869
332,0.48404260741557553,0.38940874387694807,9.463386353862745,0.004266646931814596,0.8244964284888597
333,0.4840928404349602,0.3894106293667344,9.468221106822583,0.004123324449944213,0.9904675137477021
334,0.4841400594731818,0.389412413535568,9.47276459376138,0.004881408440752359,0.9734197228746886
335,0.4840928404349602,0.3894106293667344,9.468221106822583,0.004348246323757112,0.990373424522608
336,0.4839733444782821,0.3893819396048685,9.459140487341362,0.004577994109025869,0.7756085061245699
337,0.4840928404349602,0.3894106293667344,9.468221106822583,0.004179772806410732,0.9824640911928828
338,0.4841551293789972,0.38941298535995433,9.474214401904286,0.004054276859174283,0.9916996639430973
339,0.4842066761850427,0.3894149501042963,9.479172608074643,0.0044199490560491335,0.9993387669973868
340,0.4841400594731818,0.389412413535568,9.47276459376138,0.004714494754063678,0.9803457384665706
341,0.4840389923406685,0.3894085835891177,9.463040875155082,0.003970145916322725,0.9630901439735945
342,0.4840928404349602,0.3894106293667344,9.468221106822583,0.004293744520073477,0.9890755205424093
343,0.4842066761850427,0.3894149501042963,9.479172608074643,0.004870733883767316,0.999873467971463
344,0.4842066761850427,0.3894149501042963,9.479172608074643,0.004175154864022741,0.9998126254810776
345,0.4841400594731818,0.389412413535568,9.47276459376138,0.004348387893684235,0.9736228720532226
346,0.4840928404349602,0.3894106293667344,9.468221106822583,0.004800565871192173,0.9834200965834372
347,0.4840928404349602,0.3894106293667344,9.468221106822583,0.004500941193761714,0.9903252259624153
348,0.4840928404349602,0.3894106293667344,9.468221106822583,0.003713035936170402,0.9832152568807345
349,0.4840928404349602,0.3894106293667344,9.468221106822583,0.004228285131724472,0.9904566431046676
350,0.4841400594731818,0.389412413535568,9.47276459376138,0.003866475383635505,0.9702695145964961
351,0.4842066761850427,0.3894149501042963,9.479172608074643,0.0022247793533926564,0.9996342221931042
352,0.4840928404349602,0.3894106293667344,9.468221106822583,0.00410073118552099,0.9822067622051696
353,0.4841551293789972,0.38941298535995433,9.474214401904286,0.004656826942372754,0.9918907268944639
354,0.4841551293789972,0.38941298535995433,9.474214401904286,0.004449041742892802,0.9919097518845608
355,0.4841400594731818,0.389412413535568,9.47276459376138,0.004291495911987223,0.9782343037071882
356,0.4842066761850427,0.3894149501042963,9.479172608074643,0.004008942593414501,0.999034989983339
357,0.4842066761850427,0.3894149501042963,9.479172608074643,0.004575434443849465,0.9995020913428813
358,0.4840928404349602,0.3894106293667344,9.468221106822583,0.004921718963286023,0.9852475315554574
359,0.4841400594731818,0.389412413535568,9.47276459376138,0.0041765454913549,0.9719848200102974
360,0.4842066761850427,0.3894149501042963,9.479172608074643,0.0035788617160496545,0.999809070583824
361,0.4840928404349602,0.3894106293667344,9.468221106822583,0.0009926098224769422,0.9839806014076817
362,0.4840928404349602,0.3894106293667344,9.468221106822583,0.0018649858293215533,0.9904193985052754
363,0.4842066761850427,0.3894149501042963,9.479172608074643,0.004760358793742863,0.99960703667949
364,0.4840389923406685,0.3894085835891177,9.463040875155082,0.004391859081203417,0.9583213609190585
365,0.48399942404379176,0.38940688232054893,9.459254172324282,0.004095995044113815,0.6373110578991878
366,0.4841400594731818,0.389412413535568,9.47276459376138,0.004244827447999689,0.9787890105979112
367,0.4841551293789972,0.38941298535995433,9.474214401904286,0.003947472641771679,0.9912625092314755
368,0.4840928404349602,0.3894106293667344,9.468221106822583,0.0048259808128265054,0.9905055213334556
369,0.4841400379912,0.3894123876422233,9.472765034897668,0.004523248090880584,0.9678216624741921
370,0.48399385977087533,0.3894066754869237,9.458718428395162,0.004329650987920622,0.7068394815318987
371,0.4840928404349602,0.3894106293667344,9.468221106822583,0.004998687009063784,0.982319949998104
372,0.4842066761850427,0.3894149501042963,9.479172608074643,0.0029547478756684386,0.9999058051857532
373,0.4841400594731818,0.389412413535568,9.47276459376138,0.004688840484038994,0.9750740821740105
374,0.4840928404349602,0.3894106293667344,9.468221106822583,0.004200941262740445,0.990191980688141
375,0.4839733444782821,0.3893819396048685,9.459140487341362,0.004069715862185127,0.7374566980382562
376,0.4840928404349602,0.3894106293667344,9.468221106822583,0.004430278616688646,0.9836389390796133
377,0.4842066761850427,0.3894149501042963,9.479172608074643,0.004275577438636776,0.999795582333819
378,0.4840928404349602,0.3894106293667344,9.468221106822583,0.004633687751691705,0.9907652912020991
379,0.4842066761850427,0.3894149501042963,9.479172608074643,0.003105101438207972,0.9998352040722184
380,0.4841400594731818,0.389412413535568,9.47276459376138,0.00486167365214087,0.9747955725923609
381,0.4840928404349602,0.3894106293667344,9.468221106822583,0.004369993825456915,0.9840486235909351
382,0.4840928404349602,0.3894106293667344,9.468221106822583,0.004153254858019064,0.9905247652300612
383,0.4840389923406685,0.3894085835891177,9.463040875155082,0.003936610749120606,0.9657886631736732
384,0.4841870466666986,0.38941420030308677,9.477284636361183,0.0025007152070443475,0.9999888169629597
385,0.48399942404379176,0.38940688232054893,9.459254172324282,0.004543387342995364,0.5919777359510316
386,0.4840928404349602,0.3894106293667344,9.468221106822583,0.004065764553624781,0.9828869758932126
387,0.4841551293789972,0.38941298535995433,9.474214401904286,0.004749136009288082,0.9912619387385045
388,0.4841400594731818,0.389412413535568,9.47276459376138,0.004301164721478266,0.9767541866561774
389,0.4841551293789972,0.38941298535995433,9.474214401904286,0.004205070257809767,0.9911480468673334
390,0.4840928404349602,0.3894106293667344,9.468221106822583,0.004451929129824833,0.9898757893167345
391,0.4840928404349602,0.3894106293667344,9.468221106822583,0.0049136126363392135,0.9820333033999827
392,0.4842066761850427,0.3894149501042963,9.479172608074643,0.004150481149020314,0.9997503821985602
393,0.4841400594731818,0.389412413535568,9.47276459376138,0.0037814619276577235,0.9714718652479194
394,0.4841884377349277,0.38941425337350155,9.477418436142615,0.004354614490586708,0.9999578197965526
395,0.4840928404349602,0.3894106293667344,9.468221106822583,0.0040460258758579035,0.9906835107428479
396,0.4840928404349602,0.3894106293667344,9.468221106822583,0.004611891342938301,0.9824728259995772
397,0.4840389923406685,0.3894085835891177,9.463040875155082,0.004258836892571706,0.9507305849794838
398,0.4840928404349602,0.3894106293667344,9.468221106822583,0.004515450389024296,0.9907236456391473
399,0.4841400594731818,0.389412413535568,9.47276459376138,0.004839446315031719,0.9766315891416366
400,0.4840389923406685,0.3894085835891177,9.463040875155082,0.003427518570328526,0.9630286506768924
401,0.4842066761850427,0.3894149501042963,9.479172608074643,0.003870831494772785,0.9996704757348825
402,0.4841884377349277,0.38941425337350155,9.477418436142615,0.00476705960699418,0.999956800034269
403,0.4840928404349602,0.3894106293667344,9.468221106822583,0.00413943715516251,0.9861361086267111
404,0.4840928404349602,0.3894106293667344,9.468221106822583,0.004416875367638301,0.9905757819094013
405,0.4841884377349277,0.38941425337350155,9.477418436142615,0.004291855834280371,0.9999557504584784
406,0.4841400594731818,0.389412413535568,9.47276459376138,0.004690621187956483,0.9776306245994156
407,0.4840928404349602,0.3894106293667344,9.468221106822583,0.004209479643313668,0.9843549349476026
408,0.4840928404349602,0.3894106293667344,9.468221106822583,0.003957497444205516,0.9906890697537316
409,0.4841884377349277,0.38941425337350155,9.477418436142615,0.0026095299810174315,0.9999712977439869
410,0.4841400594731818,0.389412413535568,9.47276459376138,0.004913481176175409,0.9701539687192319
411,0.48399942404379176,0.38940688232054893,9.459254172324282,0.004057312651634543,0.5707368807663835
412,0.4840928404349602,0.3894106293667344,9.468221106822583,0.004392338490829879,0.9829938005464667
413,0.4841551293789972,0.38941298535995433,9.474214401904286,0.004991085491510272,0.9911395344438365
414,0.4840928404349602,0.3894106293667344,9.468221106822583,0.004249667573781811,0.9909174319843248
415,0.4842066761850427,0.3894149501042963,9.479172608074643,0.004621864884245981,0.9998762739339702
416,0.4841400594731818,0.389412413535568,9.47276459376138,0.004495714754514846,0.9771587090877473
417,0.4840928404349602,0.3894106293667344,9.468221106822583,0.0004995932606691412,0.9833820451222816
418,0.4840928404349602,0.3894106293667344,9.468221106822583,0.004124214620354292,0.9905647767034577
419,0.4841400379912,0.3894123876422233,9.472765034897668,0.0032564767272394847,0.9672062186057561
420,0.4840928404349602,0.3894106293667344,9.468221106822583,0.004349216370043878,0.9906270664630571
421,0.4841400594731818,0.389412413535568,9.47276459376138,0.0048149496694989986,0.9770994963113582
422,0.4841551293789972,0.38941298535995433,9.474214401904286,0.0040181450137808175,0.9913092005786961
423,0.4840928404349602,0.3894106293667344,9.468221106822583,0.004230066010498932,0.9832165078917775
424,0.4841551293789972,0.38941298535995433,9.474214401904286,0.0028644530718254253,0.9920105317171277
425,0.4841400594731818,0.389412413535568,9.47276459376138,0.003663045228864227,0.9721653283091811
426,0.4840389923406685,0.3894085835891177,9.463040875155082,0.004718175391714836,0.9584520856478511
427,0.4842066761850427,0.3894149501042963,9.479172608074643,0.0041394370310490905,0.998900156117656
428,0.4841870466666986,0.38941420030308677,9.477284636361183,0.004326405761686026,0.9999847330331023
429,0.48404260741557553,0.38940874387694807,9.463386353862745,0.004483313943367402,0.8552988655216944
430,0.4841400594731818,0.389412413535568,9.47276459376138,0.004885319578038249,0.9812949016026128
431,0.4842066761850427,0.3894149501042963,9.479172608074643,0.004568957236949597,0.9996960798506584
432,0.4840928404349602,0.3894106293667344,9.468221106822583,0.003977565133324949,0.9838984822918188
433,0.4841551293789972,0.38941298535995433,9.474214401904286,0.004243841873532924,0.99104965637247
434,0.4841551293789972,0.38941298535995433,9.474214401904286,0.0044032389166037906,0.9910863579291475
435,0.4842066761850427,0.3894149501042963,9.479172608074643,0.004121090303428625,0.9997622462043748
436,0.4841400594731818,0.389412413535568,9.47276459376138,0.0015343431646566675,0.9743984959059601
437,0.4840928404349602,0.3894106293667344,9.468221106822583,0.0021040580128765377,0.9832748438051996
438,0.48404260741557553,0.38940874387694807,9.463386353862745,0.004783678278932877,0.8405487671089393
439,0.48419052433727133,0.38941433299774464,9.47761913395267,0.004284779578642583,0.9999394241617967
440,0.4840928404349602,0.3894106293667344,9.468221106822583,0.004176361552466659,0.990839147350859
441,0.4840928404349602,0.3894106293667344,9.468221106822583,0.004649313728079265,0.9822548092269416
442,0.4841400379912,0.3894123876422233,9.472765034897668,0.004997958659674394,0.9671083380465296
443,0.4841551293789972,0.38941298535995433,9.474214401904286,0.00443822240351259,0.9917369811340142
444,0.48404260741557553,0.38940874387694807,9.463386353862745,0.004340741048888314,0.8075620975724586
445,0.4841400594731818,0.389412413535568,9.47276459376138,0.004021596530971945,0.9763219271919669
446,0.4841870466666986,0.38941420030308677,9.477284636361183,0.0038977343199704134,0.9999763243266856
447,0.4840928404349602,0.3894106293667344,9.468221106822583,0.0016504950403468468,0.9851613648179667
448,0.4841551293789972,0.38941298535995433,9.474214401904286,0.0007437047930255415,0.991373143936165
449,0.4842066761850427,0.3894149501042963,9.479172608074643,0.004820205348485245,0.9999154874815386
450,0.4840928404349602,0.3894106293667344,9.468221106822583,0.004533677178614618,0.9821681648280847
451,0.4841400594731818,0.389412413535568,9.47276459376138,0.004199151017820998,0.9716629737372232
452,0.4842066761850427,0.3894149501042963,9.479172608074643,0.004070031556585878,0.9998137370395697
453,0.4840928404349602,0.3894106293667344,9.468221106822583,0.004726346168885534,0.9890168925734601
454,0.4840928404349602,0.3894106293667344,9.468221106822583,0.0049029954223308485,0.9903998406934179
455,0.4841400594731818,0.389412413535568,9.47276459376138,0.0043319682850565195,0.9803079405172385
456,0.4841870466666986,0.38941420030308677,9.477284636361183,0.0038333214308209312,0.9999839119585003
457,0.4840928404349602,0.3894106293667344,9.468221106822583,0.00420632653759519,0.9906406743641186
458,0.4840389923406685,0.3894085835891177,9.463040875155082,0.0046198215696573175,0.9599081901265438
459,0.4841400594731818,0.389412413535568,9.47276459376138,0.004425604529928581,0.9789666827761062
460,0.484051726640633,0.38940908520373396,9.464264143689904,0.004111828243955667,0.9078303891209671
461,0.484051726640633,0.38940908520373396,9.464264143689904,0.001983753805039878,0.9279967595554338
462,0.4840390138226503,0.3894086094882896,9.46304043343607,0.004273472111495174,0.9413285851085377
463,0.4840928404349602,0.3894106293667344,9.468221106822583,0.0045243961008194925,0.9888218465555169
464,0.4842066761850427,0.3894149501042963,9.479172608074643,0.0012968459850089822,0.9998390887549061
465,0.4841400594731818,0.389412413535568,9.47276459376138,0.003978586433386287,0.969364388001015
466,0.4840928404349602,0.3894106293667344,9.468221106822583,0.0023292680938111574,0.9905206181806383
467,0.4839733444782821,0.3893819396048685,9.459140487341362,0.0043888905090526745,0.7661131332259262
468,0.4840928404349602,0.3894106293667344,9.468221106822583,0.004713501537164402,0.9837423791234976
469,0.4841551293789972,0.38941298535995433,9.474214401904286,0.00491839347583574,0.9913550213272585
470,0.4841400594731818,0.389412413535568,9.47276459376138,0.0041207115654694785,0.9739940129226494
471,0.4840928404349602,0.3894106293667344,9.468221106822583,0.004275833400975142,0.9825603441017254
472,0.4842066761850427,0.3894149501042963,9.479172608074643,0.0048227478632308024,0.9997745567688459
473,0.4840928404349602,0.3894106293667344,9.468221106822583,0.004174512646380132,0.9909762667729656
474,0.4841400594731818,0.389412413535568,9.47276459376138,0.004452882357188473,0.9775919373605989
475,0.4840928404349602,0.3894106293667344,9.468221106822583,0.004347222697239252,0.9908409221826078
476,0.4842066761850427,0.3894149501042963,9.479172608074643,0.004074905553773144,0.9995788974066155
477,0.4840389923406685,0.3894085835891177,9.463040875155082,0.004635243513216964,0.9651343259566232
478,0.4840928404349602,0.3894106293667344,9.468221106822583,0.00422334707673567,0.9851581660190198
479,0.4840928404349602,0.3894106293667344,9.468221106822583,0.003917716675960118,0.989100312308284
480,0.4842066761850427,0.3894149501042963,9.479172608074643,0.00429574063867362,0.9996953175607711
481,0.4841400594731818,0.389412413535568,9.47276459376138,0.0047707934230968784,0.9756001944305474
482,0.4841551293789972,0.38941298535995433,9.474214401904286,0.0045472430449662385,0.9917493461666601
483,0.4840928404349602,0.3894106293667344,9.468221106822583,0.0024416703570444235,0.9826541114277199
484,0.4842066761850427,0.3894149501042963,9.479172608074643,0.003998759601202064,0.9996378607069965
485,0.4840928404349602,0.3894106293667344,9.468221106822583,0.0049123556157414944,0.9840971578162515
486,0.4842066761850427,0.3894149501042963,9.479172608074643,0.004172801936973132,0.9998682359981298
487,0.4841400594731818,0.389412413535568,9.47276459376138,0.004452299122367929,0.9728950561249831
488,0.48399942404379176,0.38940688232054893,9.459254172324282,0.004358840783359319,0.660335544232935
489,0.4840928404349602,0.3894106293667344,9.468221106822583,0.0037745179058684677,0.990268761432563
490,0.4841551293789972,0.38941298535995433,9.474214401904286,0.004068294688902963,0.9913609011362927
491,0.4841884377349277,0.38941425337350155,9.477418436142615,0.001798820155257369,0.9999557976912253
492,0.4841400594731818,0.389412413535568,9.47276459376138,0.0026922029756742353,0.9810960176328343
493,0.4841551293789972,0.38941298535995433,9.474214401904286,0.004239539804014762,0.9911306333932348
494,0.4840389923406685,0.3894085835891177,9.463040875155082,0.004994636010278282,0.9633060128162216
495,0.4842066761850427,0.3894149501042963,9.479172608074643,0.004733056327521422,0.9997993334287395
496,0.4841400594731818,0.389412413535568,9.47276459376138,0.004630891446870821,0.9777125648501644
497,0.4840389923406685,0.3894085835891177,9.463040875155082,0.004834267149737413,0.9548853498521895
498,0.4840928404349602,0.3894106293667344,9.468221106822583,0.004159788192473546,0.9841095426210018
499,0.4840928404349602,0.3894106293667344,9.468221106822583,0.004345145839722352,0.991011670470629
500,0.4841400594731818,0.389412413535568,9.47276459376138,0.004546404923428709,0.9741856118464871
501,0.4840928404349602,0.3894106293667344,9.468221106822583,0.0040320543347108434,0.98924423125968
502,0.4840928404349602,0.3894106293667344,9.468221106822583,0.004293763717759327,0.9825844254064008
503,0.4841551293789972,0.38941298535995433,9.474214401904286,0.0044386453940833135,0.9917127063604491
504,0.4841400594731818,0.389412413535568,9.47276459376138,0.003871093513056394,0.9695178032437108
505,0.4841551293789972,0.38941298535995433,9.474214401904286,0.004134979195808491,0.9928098974503156
506,0.48399942404379176,0.38940688232054893,9.459254172324282,0.0030359989962163584,0.616375384686829
507,0.4842066761850427,0.3894149501042963,9.479172608074643,0.00485339607903725,0.9994361555968684
508,0.4840928404349602,0.3894106293667344,9.468221106822583,0.004690909561651455,0.9820377956637949
509,0.4842066761850427,0.3894149501042963,9.479172608074643,0.004250169544040822,0.9995358756269741
510,0.4840928404349602,0.3894106293667344,9.468221106822583,0.004487425320387991,0.9845538928266319
511,0.4842066761850427,0.3894149501042963,9.479172608074643,0.0022004809438519756,0.9995500388863438
512,0.48411699092504895,0.3894115404620688,9.470545046298017,0.003961597158332557,0.8673353602165916
513,0.4841400594731818,0.389412413535568,9.47276459376138,0.004363861927897371,0.9759827611127951
514,0.4840928404349602,0.3894106293667344,9.468221106822583,0.0035331982183775274,0.9905924285270509
515,0.4842066761850427,0.3894149501042963,9.479172608074643,0.004167236169338177,0.9996362195064665
516,0.4840928404349602,0.3894106293667344,9.468221106822583,0.004763540612776738,0.9844574180101584
517,0.4840389923406685,0.3894085835891177,9.463040875155082,0.004092824543920046,0.965495656193678
518,0.4841884377349277,0.38941425337350155,9.477418436142615,0.004604475754482195,0.9999751537713801
519,0.48411699092504895,0.3894115404620688,9.470545046298017,0.004241183288821838,0.8857799426716331
520,0.4840928404349602,0.3894106293667344,9.468221106822583,0.004926688936215907,0.9886060666312226
521,0.48369631476910396,0.3889644200748991,9.473189469420484,0.004436750746621912,0.5371100837101948
522,0.4841400594731818,0.389412413535568,9.47276459376138,0.0043188565019169805,0.9753660280532284
523,0.4840928404349602,0.3894106293667344,9.468221106822583,0.004082991576040812,0.9906740949124939
524,0.4840928404349602,0.3894106293667344,9.468221106822583,0.004212611147126949,0.9909429336922271
525,0.4841400594731818,0.389412413535568,9.47276459376138,0.0045086268268733215,0.9803454794048752
526,0.4842066761850427,0.3894149501042963,9.479172608074643,0.0047925752270904605,0.99948226995188
527,0.4842066761850427,0.3894149501042963,9.479172608074643,0.00398170577824847,0.9997896575360997
528,0.4840928404349602,0.3894106293667344,9.468221106822583,0.004668161817616306,0.9825459231821226
529,0.4841400594731818,0.389412413535568,9.47276459376138,0.0031794137747144626,0.9696536903272325
530,0.4840928404349602,0.3894106293667344,9.468221106822583,0.003365664483857977,0.9904443475970838
531,0.4840928404349602,0.3894106293667344,9.468221106822583,0.004998833724980455,0.9908482479775834
532,0.4841400594731818,0.389412413535568,9.47276459376138,0.00432917091114209,0.9777098878663413
533,0.4842066761850427,0.3894149501042963,9.479172608074643,0.004177325398746888,0.9996428653011579
534,0.4840928404349602,0.3894106293667344,9.468221106822583,0.0048875503127621175,0.9862525389846822
535,0.48419052433727133,0.38941433299774464,9.47761913395267,0.004396963118890465,0.9999207879839729
536,0.4840389923406685,0.3894085835891177,9.463040875155082,0.004050819478849158,0.9576834761468462
537,0.48399407459069305,0.38940693450451874,9.45871400861743,0.004262831054972693,0.7898070754340581
538,0.4840928404349602,0.3894106293667344,9.468221106822583,0.001894737248624444,0.9821123412656572
539,0.48419052433727133,0.38941433299774464,9.47761913395267,0.0045115392671099385,0.9999241140662626
540,0.4841400594731818,0.389412413535568,9.47276459376138,0.0038928724670279293,0.9725682466262413
541,0.4840928404349602,0.3894106293667344,9.468221106822583,0.004596506397161062,0.9897590675665022
542,0.4840928404349602,0.3894106293667344,9.468221106822583,0.004131166650840379,0.989750843347062
543,0.484051726640633,0.38940908520373396,9.464264143689904,0.004728532472889395,0.9160717351572885
544,0.4840928404349602,0.3894106293667344,9.468221106822583,0.0048413406858141845,0.9822176229672737
545,0.4841551293789972,0.38941298535995433,9.474214401904286,0.0037156634408939617,0.9911252120614342
546,0.4841400594731818,0.389412413535568,9.47276459376138,0.004330867481394659,0.9748900838454377
547,0.4841899447255092,0.3894143108776579,9.477563384785132,0.004240136188921317,0.9999948863551822
548,0.4840928404349602,0.3894106293667344,9.468221106822583,0.000854410110176961,0.9905477118334716
549,0.4840928404349602,0.3894106293667344,9.468221106822583,0.004420408777923005,0.9848303290280527
550,0.4841400379912,0.3894123876422233,9.472765034897668,0.0040550961360515825,0.967649881255208
551,0.4841551293789972,0.38941298535995433,9.474214401904286,0.004150709423848509,0.9912541750771948
552,0.4842066761850427,0.3894149501042963,9.479172608074643,0.004670114540723876,0.999834319567776
553,0.4841400594731818,0.389412413535568,9.47276459376138,0.004270054716982077,0.9787091794770061
554,0.4840928404349602,0.3894106293667344,9.468221106822583,0.004397670780419079,0.9906325976198452
555,0.4841400594731818,0.389412413535568,9.47276459376138,0.002785231186900887,0.9815383826375574
556,0.4842066761850427,0.3894149501042963,9.479172608074643,0.004811833780005371,0.9998504902098235
557,0.4840928404349602,0.3894106293667344,9.468221106822583,0.003981660716140295,0.9906939232568912
558,0.4839733444782821,0.3893819396048685,9.459140487341362,0.004552984977187596,0.7505993467279324
559,0.4842066761850427,0.3894149501042963,9.479172608074643,0.004205982328967867,0.9999153858114089
560,0.4840928404349602,0.3894106293667344,9.468221106822583,0.004102072011351318,0.9821670210225127
561,0.4840389923406685,0.3894085835891177,9.463040875155082,0.0011137281227774991,0.9618169610174808
562,0.4841400594731818,0.389412413535568,9.47276459376138,0.0048738008384100456,0.9712246078265684
563,0.4840928404349602,0.3894106293667344,9.468221106822583,0.004301758032520415,0.9902781014819722
564,0.4840928404349602,0.3894106293667344,9.468221106822583,0.004441057019283212,0.9836864124919174
565,0.4840389923406685,0.3894085835891177,9.463040875155082,0.004928735345611961,0.9501887569999631
566,0.4840928404349602,0.3894106293667344,9.468221106822583,0.004750480734930971,0.9905410724740195
567,0.4842066761850427,0.3894149501042963,9.479172608074643,0.003924295321138857,0.9997040587245317
568,0.48404260741557553,0.38940874387694807,9.463386353862745,0.004201899775671024,0.8298727419797279
569,0.4841400594731818,0.389412413535568,9.47276459376138,0.004576506673698688,0.9750812329146783
570,0.4840928404349602,0.3894106293667344,9.468221106822583,0.0038288391968211836,0.9905250471761008
571,0.4842066761850427,0.3894149501042963,9.479172608074643,0.0013862943339779854,0.999838077467479
572,0.4841400594731818,0.389412413535568,9.47276459376138,0.004326084527234552,0.9816443851094779
573,0.4840928404349602,0.3894106293667344,9.468221106822583,0.004030693642751226,0.9903290877364465
574,0.4841884377349277,0.38941425337350155,9.477418436142615,0.004473112165532252,0.9999743288774541
575,0.4841400594731818,0.389412413535568,9.47276459376138,0.004160753838014799,0.9713380411566117
576,0.4840928404349602,0.3894106293667344,9.468221106822583,0.00466747538537387,0.9822005038569336
577,0.4840928404349602,0.3894106293667344,9.468221106822583,0.002080118662363046,0.9902664000445796
578,0.4841884377349277,0.38941425337350155,9.477418436142615,0.004367397450536206,0.9999682258688288
579,0.4841400594731818,0.389412413535568,9.47276459376138,0.0017406512243643992,0.9778466486601706
580,0.4840928404349602,0.3894106293667344,9.468221106822583,0.004998901897737756,0.9897508882180328
581,0.4841400379912,0.3894123876422233,9.472765034897668,0.004259686025224621,0.966990206610135
582,0.4841551293789972,0.38941298535995433,9.474214401904286,0.004074771080073098,0.9914019115948074
583,0.4840928404349602,0.3894106293667344,9.468221106822583,0.004812741373637556,0.9833847626789182
584,0.4842066761850427,0.3894149501042963,9.479172608074643,0.004146544706216385,0.9997840937343028
585,0.4841400594731818,0.389412413535568,9.47276459376138,0.004498386293166581,0.9758531902176492
586,0.4841551293789972,0.38941298535995433,9.474214401904286,0.004356388997319784,0.9911529260190923
587,0.4840928404349602,0.3894106293667344,9.468221106822583,0.004719154062168357,0.9829890188162076
588,0.48399942404379176,0.38940688232054893,9.459254172324282,0.003970784852186372,0.5778196075322397
589,0.48399385977087533,0.3894066754869237,9.458718428395162,0.004253679333566146,0.7090351390905602
590,0.4840928404349602,0.3894106293667344,9.468221106822583,0.004562182294336608,0.9909226898684353
591,0.4841551293789972,0.38941298535995433,9.474214401904286,0.004889502303905313,0.9925873857158879
592,0.4842066761850427,0.3894149501042963,9.479172608074643,0.003638382126439219,0.9997423443636125
593,0.4841400594731818,0.389412413535568,9.47276459376138,0.0043904773029539755,0.9771231682482129
594,0.4840389923406685,0.3894085835891177,9.463040875155082,0.002606484502194027,0.963486141685252
595,0.4840928404349602,0.3894106293667344,9.468221106822583,0.004109995476751906,0.9832093001401961
596,0.4840928404349602,0.3894106293667344,9.468221106822583,0.004213793645219989,0.9908091814638313
597,0.4841551293789972,0.38941298535995433,9.474214401904286,0.004644029951173645,0.9911638145477432
598,0.4841400594731818,0.389412413535568,9.47276459376138,0.0029122326951961527,0.9766191180140062
599,0.4842066761850427,0.3894149501042963,9.479172608074643,0.004789960047492227,0.9995665846063004
600,0.4840928404349602,0.3894106293667344,9.468221106822583,0.004310551006917737,0.9842880542062165
601,0.4841874717153241,0.3894142165179932,9.477325519733093,0.0040010249396645265,0.9999923052605151
602,0.48399942404379176,0.38940688232054893,9.459254172324282,0.004453182944908444,0.6364309663197877
603,0.4841400594731818,0.389412413535568,9.47276459376138,0.004910675697306884,0.9707114014955068
604,0.4840928404349602,0.3894106293667344,9.468221106822583,0.0022805469267150984,0.989678778269269
605,0.4842066761850427,0.3894149501042963,9.479172608074643,0.004235338189073928,0.9996906756542778
606,0.4840928404349602,0.3894106293667344,9.468221106822583,0.004105898446771735,0.9824780138866318
607,0.4840928404349602,0.3894106293667344,9.468221106822583,0.004387591617709838,0.9901587088697288
608,0.4842066761850427,0.3894149501042963,9.479172608074643,0.00380982663740656,0.9995982280229236
609,0.4840928404349602,0.3894106293667344,9.468221106822583,0.004604302881165842,0.9829182270185365
610,0.4842066761850427,0.3894149501042963,9.479172608074643,0.0041835264223055325,0.9997933981689695
611,0.4841400594731818,0.389412413535568,9.47276459376138,0.00474146234132519,0.9700638339627475
612,0.4840928404349602,0.3894106293667344,9.468221106822583,0.003921482042754782,0.9897168143785435
613,0.484051726640633,0.38940908520373396,9.464264143689904,0.0042736182149631955,0.9014317658963831
614,0.4840389923406685,0.3894085835891177,9.463040875155082,0.004513454469224366,0.9547300403541871
615,0.4841400594731818,0.389412413535568,9.47276459376138,0.004053592989324774,0.9775138720637336
616,0.4840928404349602,0.3894106293667344,9.468221106822583,0.004323971268611212,0.9908583477321233
617,0.4840928404349602,0.3894106293667344,9.468221106822583,0.00490921940225116,0.9840922771089283
618,0.4841551293789972,0.38941298535995433,9.474214401904286,0.004997848402117542,0.9911400476388661
619,0.48399942404379176,0.38940688232054893,9.459254172324282,0.004832165089414592,0.6717745497564716
620,0.4842066761850427,0.3894149501042963,9.479172608074643,0.004170234849877696,0.999682518911649
621,0.4841400594731818,0.389412413535568,9.47276459376138,0.004683778173888339,0.9736954115516228
622,0.48419052433727133,0.38941433299774464,9.47761913395267,0.0044348526604410955,0.9999469302188847
623,0.4840928404349602,0.3894106293667344,9.468221106822583,0.002407283106748264,0.982223753131032
624,0.4840928404349602,0.3894106293667344,9.468221106822583,0.004062407261493876,0.9891565084054762
625,0.4840928404349602,0.3894106293667344,9.468221106822583,0.004208381255209293,0.9903788440251636
626,0.4840389923406685,0.3894085835891177,9.463040875155082,0.004578948266568028,0.9597118746808863
627,0.4841400594731818,0.389412413535568,9.47276459376138,0.004324183927384206,0.9749962127070603
628,0.4841551293789972,0.38941298535995433,9.474214401904286,0.004151124578423689,0.991075442969992
629,0.4840928404349602,0.3894106293667344,9.468221106822583,0.004764185581000139,0.984668474823705
630,0.48419052433727133,0.38941433299774464,9.47761913395267,0.004417063817757165,0.9999427529644486
631,0.4841400594731818,0.389412413535568,9.47276459376138,0.00390642407215804,0.9813584508305115
632,0.4841551293789972,0.38941298535995433,9.474214401904286,0.00428435267411104,0.991483532773834
633,0.4842066761850427,0.3894149501042963,9.479172608074643,0.004023843592755063,0.9998336338596385
634,0.4840389923406685,0.3894085835891177,9.463040875155082,0.004135469730120601,0.9657717332955672
635,0.4841870466666986,0.38941420030308677,9.477284636361183,0.004531045657362682,0.9999834349676416
636,0.4841400594731818,0.389412413535568,9.47276459376138,0.004362179898314623,0.9811752173798716
637,0.4840928404349602,0.3894106293667344,9.468221106822583,0.004839168747595021,0.9907770144823819
638,0.48369631476910396,0.3889644200748991,9.473189469420484,0.004239028797488035,0.5053162010047887
639,0.4841400594731818,0.389412413535568,9.47276459376138,0.003293376295526251,0.9752172353360801
640,0.4840928404349602,0.3894106293667344,9.468221106822583,0.004439806293059908,0.9894858532040857
641,0.4841551293789972,0.38941298535995433,9.474214401904286,0.004678306900349231,0.9911685868171458
642,0.4841400594731818,0.389412413535568,9.47276459376138,0.004029883726062924,0.9796296512777057
643,0.4840928404349602,0.3894106293667344,9.468221106822583,0.0015032398772871613,0.9908309406011836
644,0.4840389923406685,0.3894085835891177,9.463040875155082,0.00489097667353056,0.9664631705224663
645,0.4842066761850427,0.3894149501042963,9.479172608074643,0.004236796551903907,0.9995411962785542
646,0.4842066761850427,0.3894149501042963,9.479172608074643,0.00411603221948855,0.9999163151238996
647,0.4841870466666986,0.38941420030308677,9.477284636361183,0.004487314371775766,0.9999793682976371
648,0.4840928404349602,0.3894106293667344,9.468221106822583,0.0046380104290185175,0.9817645604534119
649,0.4840928404349602,0.3894106293667344,9.468221106822583,0.004742543905825593,0.9842864797802924
650,0.4841400594731818,0.389412413535568,9.47276459376138,0.001642111202594149,0.9725099830851404
651,0.4841551293789972,0.38941298535995433,9.474214401904286,0.004352416856244955,0.9911201733279036
652,0.48419052433727133,0.38941433299774464,9.47761913395267,0.003963368925304684,0.9999271184184447
653,0.4840928404349602,0.3894106293667344,9.468221106822583,0.00428919497752101,0.9830110565993195
654,0.4841551293789972,0.38941298535995433,9.474214401904286,0.0037352129373025944,0.9911863836229244
655,0.4841400594731818,0.389412413535568,9.47276459376138,0.004183006406894328,0.9760219378585034
656,0.4840928404349602,0.3894106293667344,9.468221106822583,0.004934720874756315,0.9850411546219054
657,0.48418743307454,0.38941421504387247,9.47732180306675,0.0038660025513085443,0.9999986179100255
658,0.4840928404349602,0.3894106293667344,9.468221106822583,0.004788553209571125,0.9909010757137374
659,0.484051726640633,0.38940908520373396,9.464264143689904,0.004091888368199747,0.9362830918317327
660,0.4840389923406685,0.3894085835891177,9.463040875155082,0.004580459088246528,0.9641635182041475
661,0.4840928404349602,0.3894106293667344,9.468221106822583,0.004378730174113529,0.9903719353503733
662,0.4842066761850427,0.3894149501042963,9.479172608074643,0.004195401191544068,0.9998357109675277
663,0.4841400594731818,0.389412413535568,9.47276459376138,0.004491359556252998,0.9747568876622288
664,0.4840928404349602,0.3894106293667344,9.468221106822583,0.001997685199296638,0.982847367022852
665,0.4841551293789972,0.38941298535995433,9.474214401904286,0.004307699449437872,0.9916375900311969
666,0.4840928404349602,0.3894106293667344,9.468221106822583,0.003999703652862272,0.9827924739173926
667,0.4842066761850427,0.3894149501042963,9.479172608074643,0.004130489503841718,0.9998014628639168
668,0.4842066761850427,0.3894149501042963,9.479172608074643,0.0049923974957857085,0.9999062884488411
669,0.48369631476910396,0.3889644200748991,9.473189469420484,0.004803200013033538,0.5386960401232663
670,0.4841400594731818,0.389412413535568,9.47276459376138,0.0021569217170807867,0.970048244224019
671,0.4841551293789972,0.38941298535995433,9.474214401904286,0.004248614330368097,0.9914208786636867
672,0.4840928404349602,0.3894106293667344,9.468221106822583,0.00468303903188145,0.9833921747882756
673,0.4840928404349602,0.3894106293667344,9.468221106822583,0.004429117253346708,0.9906145144910985
674,0.4841400594731818,0.389412413535568,9.47276459376138,0.00252679818919534,0.9735491683149621
675,0.4839733444782821,0.3893819396048685,9.459140487341362,0.0045797291639392045,0.7272938855086781
676,0.4841551293789972,0.38941298535995433,9.474214401904286,0.0034836227281257056,0.991387417408981
677,0.4840928404349602,0.3894106293667344,9.468221106822583,0.0048629313893304976,0.9830656708000428
678,0.48399942404379176,0.38940688232054893,9.459254172324282,0.004064182760809674,0.6053503965796031
679,0.4842066761850427,0.3894149501042963,9.479172608074643,0.00430749674945698,0.9998620999328073
680,0.4841551293789972,0.38941298535995433,9.474214401904286,0.004209679136630715,0.9915533349494556
681,0.48419052433727133,0.38941433299774464,9.47761913395267,0.0002292562737856241,0.9999483059340444
682,0.4840390138226503,0.3894086094882896,9.46304043343607,0.004386725995322121,0.9458348746841188
683,0.4841400594731818,0.389412413535568,9.47276459376138,0.004494537980570089,0.977438240505258
684,0.4840928404349602,0.3894106293667344,9.468221106822583,0.003944847786711108,0.9833575606137287
685,0.4840928404349602,0.3894106293667344,9.468221106822583,0.004129547694803567,0.989967968169279
686,0.4840389923406685,0.3894085835891177,9.463040875155082,0.004699126229937261,0.9631078943237668
687,0.4840928404349602,0.3894106293667344,9.468221106822583,0.002991502883668741,0.9910087090289573
688,0.4842066761850427,0.3894149501042963,9.479172608074643,0.004270313955287569,0.9998905959144532
689,0.4841400594731818,0.389412413535568,9.47276459376138,0.004885998507973213,0.9753535416934591
690,0.4840928404349602,0.3894106293667344,9.468221106822583,0.004038937942207516,0.9840600447001303
691,0.4840928404349602,0.3894106293667344,9.468221106822583,0.004374474679678155,0.98958913333263
692,0.4841400594731818,0.389412413535568,9.47276459376138,0.003813655323104943,0.9757959676779174
693,0.4841551293789972,0.38941298535995433,9.474214401904286,0.0042072349622033385,0.9923121572325638
694,0.4840928404349602,0.3894106293667344,9.468221106822583,0.004772582973153382,0.9831690108608269
695,0.4842066761850427,0.3894149501042963,9.479172608074643,0.004586517563656973,0.9997545622772183
696,0.4840389923406685,0.3894085835891177,9.463040875155082,0.0019125310244489154,0.9559633985169903
697,0.4841551293789972,0.38941298535995433,9.474214401904286,0.0041380401734762845,0.9912472802249356
698,0.4841400594731818,0.389412413535568,9.47276459376138,0.004470562052416823,0.9701207078490902
699,0.4840928404349602,0.3894106293667344,9.468221106822583,0.00428164131258806,0.9824177374512537
700,0.4840928404349602,0.3894106293667344,9.468221106822583,0.004995357695761027,0.9910038098905557
701,0.4840928404349602,0.3894106293667344,9.468221106822583,0.004373268689234303,0.9909909794734703
702,0.4842066761850427,0.3894149501042963,9.479172608074643,0.003981222291594611,0.999639998186183
703,0.4841400594731818,0.389412413535568,9.47276459376138,0.004862748347080761,0.9796519903343187
704,0.4842066761850427,0.3894149501042963,9.479172608074643,0.00038395058412190024,0.9999115543050038
705,0.4842066761850427,0.3894149501042963,9.479172608074643,0.004111703552223451,0.9997744893902465
706,0.4841400379912,0.3894123876422233,9.472765034897668,0.004742214251586069,0.9680965794005606
707,0.4840928404349602,0.3894106293667344,9.468221106822583,0.004632247431035239,0.9828917456343466
708,0.4841551293789972,0.38941298535995433,9.474214401904286,0.00270110356496106,0.9918717977218565
709,0.4841870466666986,0.38941420030308677,9.477284636361183,0.004235677666516853,0.9999825908880491
710,0.4840928404349602,0.3894106293667344,9.468221106822583,0.004506138266404822,0.9831993312653102
711,0.4841400594731818,0.389412413535568,9.47276459376138,0.0043102171692024505,0.9756162500167573
712,0.4840928404349602,0.3894106293667344,9.468221106822583,0.004168497084955114,0.9906603908914547
713,0.4841551293789972,0.38941298535995433,9.474214401904286,0.004071338889219008,0.9919446638580988
714,0.48404260741557553,0.38940874387694807,9.463386353862745,0.0044148693117626895,0.848536236064038
715,0.48369631476910396,0.3889644200748991,9.473189469420484,0.003918461398056415,0.5553590529919472
716,0.4840928404349602,0.3894106293667344,9.468221106822583,0.00484897008540178,0.9830114274992104
717,0.48399942404379176,0.38940688232054893,9.459254172324282,0.004655168403105031,0.6904426743432647
718,0.4842066761850427,0.3894149501042963,9.479172608074643,0.004281621944995854,0.9999018222653359
719,0.4841400379912,0.3894123876422233,9.472765034897668,0.004927201231015546,0.9673103717298148
720,0.4842066761850427,0.3894149501042963,9.479172608074643,0.004529515969051092,0.9998192485723637
721,0.4839733444782821,0.3893819396048685,9.459140487341362,0.004198381558782062,0.776738387036479
722,0.4840928404349602,0.3894106293667344,9.468221106822583,0.004345277922969177,0.9859703660016592
723,0.4841400594731818,0.389412413535568,9.47276459376138,0.00402343733589241,0.9755126611437339
724,0.4840928404349602,0.3894106293667344,9.468221106822583,0.0044195831284906135,0.9896540688080804
725,0.4841884377349277,0.38941425337350155,9.477418436142615,0.004786057451217291,0.9999674881065188
726,0.48404260741557553,0.38940874387694807,9.463386353862745,0.004154049857104797,0.8077234288238471
727,0.4840928404349602,0.3894106293667344,9.468221106822583,0.0038852137423650416,0.9828053643497048
728,0.4840928404349602,0.3894106293667344,9.468221106822583,0.003615721692067836,0.9901161451118484
729,0.4841400594731818,0.389412413535568,9.47276459376138,0.004684086648452637,0.9728663120097635
730,0.4840928404349602,0.3894106293667344,9.468221106822583,0.004280803081150692,0.9904594855001573
731,0.4840389923406685,0.3894085835891177,9.463040875155082,0.004194121947884531,0.9604268764656347
732,0.4840928404349602,0.3894106293667344,9.468221106822583,0.004580453462402885,0.9908942900421737
733,0.4841400594731818,0.389412413535568,9.47276459376138,0.004058821978302168,0.9812150609555917
734,0.4842066761850427,0.3894149501042963,9.479172608074643,0.0014022264458963447,0.999719302548576
735,0.4841400594731818,0.389412413535568,9.47276459376138,0.004428893880866204,0.9763059046775429
736,0.4842066761850427,0.3894149501042963,9.479172608074643,0.004913097354081092,0.999814253458271
737,0.48411699092504895,0.3894115404620688,9.470545046298017,0.004341496790995472,0.8624553898255555
738,0.4840928404349602,0.3894106293667344,9.468221106822583,0.004762510174486758,0.9905795023601943
739,0.4840928404349602,0.3894106293667344,9.468221106822583,0.004109109511841766,0.9826958064154505
740,0.4841870466666986,0.38941420030308677,9.477284636361183,0.004502345404987908,0.9999815338467464
741,0.4841551293789972,0.38941298535995433,9.474214401904286,0.004243834179132299,0.991271008015579
742,0.4841400594731818,0.389412413535568,9.47276459376138,0.0031849684500152202,0.9716542800343716
743,0.4840928404349602,0.3894106293667344,9.468221106822583,0.003984689264729971,0.983082274350451
744,0.4840928404349602,0.3894106293667344,9.468221106822583,0.003778547275333325,0.9909234096600928
745,0.4839733444782821,0.3893819396048685,9.459140487341362,0.004824471732870098,0.7514139166246174
746,0.4842066761850427,0.3894149501042963,9.479172608074643,0.004150547151111846,0.9999035141767729
747,0.4840928404349602,0.3894106293667344,9.468221106822583,0.0011656477617810854,0.9829983014565519
748,0.4840389923406685,0.3894085835891177,9.463040875155082,0.004407160325219094,0.963307057338063
749,0.4840928404349602,0.3894106293667344,9.468221106822583,0.004630564541460398,0.9906842635551149
750,0.4841400594731818,0.389412413535568,9.47276459376138,0.004315013088615975,0.9758952340251568
751,0.4840928404349602,0.3894106293667344,9.468221106822583,0.0049150028098563225,0.9909137656419349
752,0.4841884377349277,0.38941425337350155,9.477418436142615,0.004212184369270106,0.9999745197906256
753,0.4840928404349602,0.3894106293667344,9.468221106822583,0.0040554561246199565,0.9833353145721759
754,0.4840928404349602,0.3894106293667344,9.468221106822583,0.004343828680309689,0.9907720167193574
755,0.4841400594731818,0.389412413535568,9.47276459376138,0.004526107397924491,0.9733321317692066
756,0.48419052433727133,0.38941433299774464,9.47761913395267,0.004995399063485384,0.999928878863513
757,0.4840928404349602,0.3894106293667344,9.468221106822583,0.004757776610527456,0.990515637402573
758,0.4841400594731818,0.389412413535568,9.47276459376138,0.003963839511429112,0.9788555302357987
759,0.4840928404349602,0.3894106293667344,9.468221106822583,0.004237259993555753,0.9908720323394472
760,0.4840928404349602,0.3894106293667344,9.468221106822583,0.0023492966190555072,0.9830543421388505
761,0.48404260741557553,0.38940874387694807,9.463386353862745,0.004108239298537577,0.8181449804298337
762,0.4840389923406685,0.3894085835891177,9.463040875155082,0.0046212480318871645,0.9508156482538168
763,0.4841400379912,0.3894123876422233,9.472765034897668,0.004445799300759218,0.9687301857312849
764,0.4841551293789972,0.38941298535995433,9.474214401904286,0.004717696961556191,0.9914476976474916
765,0.4842066761850427,0.3894149501042963,9.479172608074643,0.004286167983898764,0.9994821646585997
766,0.4840928404349602,0.3894106293667344,9.468221106822583,0.004170318990328209,0.982319377516848
767,0.4840928404349602,0.3894106293667344,9.468221106822583,0.004831410251390124,0.9902426261057041
768,0.4842066761850427,0.3894149501042963,9.479172608074643,0.0038835275587736544,0.9997084933029629
769,0.4842066761850427,0.3894149501042963,9.479172608074643,0.004376825829646234,0.9999013995597155
770,0.4841400594731818,0.389412413535568,9.47276459376138,0.004045315591651095,0.9764723406229914
771,0.4840928404349602,0.3894106293667344,9.468221106822583,0.004565255577620826,0.9892313101995994
772,0.4840928404349602,0.3894106293667344,9.468221106822583,0.004256640766474644,0.9834470469745739
773,0.4840389923406685,0.3894085835891177,9.463040875155082,0.0041302381046339235,0.9636656871130139
774,0.48411699092504895,0.3894115404620688,9.470545046298017,0.00310251200638198,0.8799512802377428
775,0.4841551293789972,0.38941298535995433,9.474214401904286,0.00442838432663457,0.9912539029348036
776,0.4841400594731818,0.389412413535568,9.47276459376138,0.0024611493821766446,0.9758550378641067
777,0.4840928404349602,0.3894106293667344,9.468221106822583,0.004896218557285401,0.990767592866897
778,0.4842066761850427,0.3894149501042963,9.479172608074643,0.004320323107700702,0.9995997410623005
779,0.4840928404349602,0.3894106293667344,9.468221106822583,0.004727658966512625,0.9843051801156801
780,0.4840928404349602,0.3894106293667344,9.468221106822583,0.004191576038291152,0.9828218070112698
781,0.48399942404379176,0.38940688232054893,9.459254172324282,0.0039735684120228215,0.656457168789369
782,0.4841400594731818,0.389412413535568,9.47276459376138,0.004542748065956689,0.9704574911659588
783,0.4840928404349602,0.3894106293667344,9.468221106822583,0.004814160342272214,0.9903731105685761
784,0.4841874717153241,0.3894142165179932,9.477325519733093,0.0034330491733211383,0.9999901119218987
785,0.4841400594731818,0.389412413535568,9.47276459376138,0.004457536541988255,0.980335502837003
786,0.4840928404349602,0.3894106293667344,9.468221106822583,0.004126277498014985,0.9896461124997877
787,0.4841551293789972,0.38941298535995433,9.474214401904286,0.004991184976031731,0.9919605637781925
788,0.4842066761850427,0.3894149501042963,9.479172608074643,0.0018260943765314483,0.9998997263005701
789,0.4841400594731818,0.389412413535568,9.47276459376138,0.004327597735841922,0.9758825282833379
790,0.4842066761850427,0.3894149501042963,9.479172608074643,0.004691040244022017,0.9998821334417708
791,0.4840928404349602,0.3894106293667344,9.468221106822583,0.0017157035701449359,0.9828073769119043
792,0.4840389923406685,0.3894085835891177,9.463040875155082,0.004246169403122058,0.9566871333981719
793,0.4840928404349602,0.3894106293667344,9.468221106822583,0.004071822833234012,0.9902181172679894
794,0.4842066761850427,0.3894149501042963,9.479172608074643,0.0038462170357493274,0.9997310509915276
795,0.48419052433727133,0.38941433299774464,9.47761913395267,0.004377428863954865,0.9999181158614073
796,0.4841400594731818,0.389412413535568,9.47276459376138,0.004200463970404888,0.9703675439782624
797,0.4840928404349602,0.3894106293667344,9.468221106822583,0.004875065449991974,0.9837474074452545
798,0.4840928404349602,0.3894106293667344,9.468221106822583,0.004009715963026705,0.9908748915082934
799,0.4841551293789972,0.38941298535995433,9.474214401904286,0.004523755586284006,0.9914833075588776
800,0.4841400594731818,0.389412413535568,9.47276459376138,0.004643688582019167,0.9779181603834166
801,0.4840389923406685,0.3894085835891177,9.463040875155082,0.0042650358122722064,0.9659445687693395
802,0.4840928404349602,0.3894106293667344,9.468221106822583,0.0041233190065079845,0.9904655133166971
803,0.4840928404349602,0.3894106293667344,9.468221106822583,0.004461589849224082,0.9831149591858466
804,0.4840928404349602,0.3894106293667344,9.468221106822583,0.003692714177166196,0.9908909533225393
805,0.4842066761850427,0.3894149501042963,9.479172608074643,0.0022691278952796405,0.9994915707569432
806,0.4841400594731818,0.389412413535568,9.47276459376138,0.004352898106847121,0.9761650706142249
807,0.4840928404349602,0.3894106293667344,9.468221106822583,0.002818933568354465,0.9837079449734372
808,0.4841551293789972,0.38941298535995433,9.474214401904286,0.004797364095355423,0.991112257675069
809,0.4842066761850427,0.3894149501042963,9.479172608074643,0.004203754946359571,0.999887522853574
810,0.4840928404349602,0.3894106293667344,9.468221106822583,0.004008762588422003,0.9827282073151202
811,0.4840928404349602,0.3894106293667344,9.468221106822583,0.0008923930586419266,0.9905331794625797
812,0.4842066761850427,0.3894149501042963,9.479172608074643,0.0020367806880022808,0.9998630458032431
813,0.4841400594731818,0.389412413535568,9.47276459376138,0.0046169469877835765,0.9693978655686888
814,0.48404260741557553,0.38940874387694807,9.463386353862745,0.00492281629517523,0.8319743913393255
815,0.4841551293789972,0.38941298535995433,9.474214401904286,0.00430002263835903,0.991420572150479
816,0.48369631476910396,0.3889644200748991,9.473189469420484,0.002609070268740273,0.522431309400263
817,0.4841400594731818,0.389412413535568,9.47276459376138,0.004729470622994664,0.9768124800294221
818,0.4840928404349602,0.3894106293667344,9.468221106822583,0.004089792182811492,0.9841732050912365
819,0.484051726640633,0.38940908520373396,9.464264143689904,0.003928606837339455,0.9226210496098817
820,0.4842066761850427,0.3894149501042963,9.479172608074643,0.004498747366040954,0.9996263931463615
821,0.4842066761850427,0.3894149501042963,9.479172608074643,0.004207997566983849,0.9998165746233592
822,0.4842066761850427,0.3894149501042963,9.479172608074643,0.004393423302745329,0.9998699704066656
823,0.4840928404349602,0.3894106293667344,9.468221106822583,0.00480221908500163,0.9848994421168369
824,0.4841400594731818,0.389412413535568,9.47276459376138,0.0006191350598399412,0.9734488103357523
825,0.4840928404349602,0.3894106293667344,9.468221106822583,0.004299546110102805,0.990818631895981
826,0.4840389923406685,0.3894085835891177,9.463040875155082,0.004150445714260514,0.9608754859343557
827,0.4840928404349602,0.3894106293667344,9.468221106822583,0.004904156336839019,0.9904402273993477
828,0.4841400594731818,0.389412413535568,9.47276459376138,0.0044025087812512124,0.9813431257599843
829,0.4841551293789972,0.38941298535995433,9.474214401904286,0.004061694967829551,0.9910911584216462
830,0.4841400594731818,0.389412413535568,9.47276459376138,0.004202103137305638,0.9733719252491599
831,0.4840928404349602,0.3894106293667344,9.468221106822583,0.00458916123050417,0.9835718558732089
832,0.4841551293789972,0.38941298535995433,9.474214401904286,0.004694080330631307,0.9923799409318537
833,0.4841551293789972,0.38941298535995433,9.474214401904286,0.0038912424149210997,0.9913977728921151
834,0.4841400594731818,0.389412413535568,9.47276459376138,0.004302670946579108,0.978447212745824
835,0.4841551293789972,0.38941298535995433,9.474214401904286,0.004994151781874295,0.9910985592122256
836,0.4842066761850427,0.3894149501042963,9.479172608074643,0.0044460509489605195,0.9994842270500258
837,0.4841400594731818,0.389412413535568,9.47276459376138,0.004824780360969941,0.9693187098979584
838,0.4840928404349602,0.3894106293667344,9.468221106822583,0.004065041801958187,0.9830057162504492
839,0.4842066761850427,0.3894149501042963,9.479172608074643,0.0015761426538718137,0.9998757853051453
840,0.4840928404349602,0.3894106293667344,9.468221106822583,0.004216655114131034,0.9828600318368176
841,0.4841551293789972,0.38941298535995433,9.474214401904286,0.004502366911158545,0.9914539961046896
842,0.4842066761850427,0.3894149501042963,9.479172608074643,0.0012608104118962346,0.9997265691653204
843,0.4841870466666986,0.38941420030308677,9.477284636361183,0.002156020959998368,0.9999770526067726
844,0.4841400594731818,0.389412413535568,9.47276459376138,0.004324491695963285,0.9755994974646537
845,0.4840389923406685,0.3894085835891177,9.463040875155082,0.004140732011513113,0.965321394728016
846,0.4840928404349602,0.3894106293667344,9.468221106822583,0.003779294083857859,0.9843796980039938
847,0.48419052433727133,0.38941433299774464,9.47761913395267,0.003968706684997677,0.9999306109804939
848,0.4842066761850427,0.3894149501042963,9.479172608074643,0.004594273189245295,0.999862441576089
849,0.4840928404349602,0.3894106293667344,9.468221106822583,0.004375691384885506,0.9891491683265338
850,0.4840928404349602,0.3894106293667344,9.468221106822583,0.004713014112227464,0.9837847447598984
851,0.4840928404349602,0.3894106293667344,9.468221106822583,0.004889704345297074,0.9907889301624254
852,0.4841400594731818,0.389412413535568,9.47276459376138,0.00425830486269795,0.9735780483102573
853,0.4841551293789972,0.38941298535995433,9.474214401904286,0.004075250706294748,0.9911911554605984
854,0.4841400594731818,0.389412413535568,9.47276459376138,0.0035439465043880175,0.9794294798961236
855,0.4840389923406685,0.3894085835891177,9.463040875155082,0.004191602436407537,0.9551482909823701
856,0.4840928404349602,0.3894106293667344,9.468221106822583,0.004464741491248137,0.9906897635838744
857,0.4841551293789972,0.38941298535995433,9.474214401904286,0.004285424816802779,0.9917773330883317
858,0.4842066761850427,0.3894149501042963,9.479172608074643,0.004773227699737215,0.9998506319129065
859,0.4840928404349602,0.3894106293667344,9.468221106822583,0.003989712609619971,0.9817553100717474
860,0.4841551293789972,0.38941298535995433,9.474214401904286,0.004364567240442271,0.9911445502484473
861,0.4840389923406685,0.3894085835891177,9.463040875155082,0.004686736367618526,0.965719156018209
862,0.4841400594731818,0.389412413535568,9.47276459376138,0.004128541013346621,0.975881376141563
863,0.4840928404349602,0.3894106293667344,9.468221106822583,0.0032757716640528308,0.984948133151872
864,0.4841884377349277,0.38941425337350155,9.477418436142615,0.0045458643650773956,0.9999693496495563
865,0.4839733444782821,0.3893819396048685,9.459140487341362,0.004855838121026798,0.7176267784837275
866,0.4840928404349602,0.3894106293667344,9.468221106822583,0.00419290299433369,0.9897612964628173
867,0.4841400594731818,0.389412413535568,9.47276459376138,0.004927650542026735,0.9753041888177035
868,0.4840928404349602,0.3894106293667344,9.468221106822583,0.004410458683183742,0.9839337234084446
869,0.4841551293789972,0.38941298535995433,9.474214401904286,0.004268397536707518,0.9917524477700473
870,0.4842066761850427,0.3894149501042963,9.479172608074643,0.004050782407761528,0.9996049451766749
871,0.4840928404349602,0.3894106293667344,9.468221106822583,0.004638197880166008,0.9908059119307169
872,0.4841400594731818,0.389412413535568,9.47276459376138,0.0038353575119857196,0.9816275736706732
873,0.4842066761850427,0.3894149501042963,9.479172608074643,0.0029029712561972993,0.9997299530214083
874,0.484051726640633,0.38940908520373396,9.464264143689904,0.004801057566608666,0.9019431858936023
875,0.4840389923406685,0.3894085835891177,9.463040875155082,0.004136748305557229,0.966802323290895
876,0.4840390138226503,0.3894086094882896,9.46304043343607,0.004472905764751208,0.942102831987326
877,0.48399942404379176,0.38940688232054893,9.459254172324282,0.004356385832603322,0.6496202925590142
878,0.4840928404349602,0.3894106293667344,9.468221106822583,0.003931705195301282,0.9903906107610959
879,0.4841400594731818,0.389412413535568,9.47276459376138,0.004233345891115548,0.9769015986780815
880,0.4840928404349602,0.3894106293667344,9.468221106822583,0.004619981319469367,0.9905932245871777
881,0.4840928404349602,0.3894106293667344,9.468221106822583,0.004301024680402833,0.9823280215144649
882,0.4842066761850427,0.3894149501042963,9.479172608074643,0.004123535031897744,0.9993891065741181
883,0.4842066761850427,0.3894149501042963,9.479172608074643,0.00474043311533881,0.9998023027475458
884,0.4841889014243374,0.38941427106584675,9.477463035849066,0.004985684937207725,0.999998035363582
885,0.4841400594731818,0.389412413535568,9.47276459376138,0.003994798631269837,0.9714566992452353
886,0.48399942404379176,0.38940688232054893,9.459254172324282,0.004517424941361934,0.625708224708536
887,0.4840928404349602,0.3894106293667344,9.468221106822583,0.004389588163659402,0.9859744464652296
888,0.4841551293789972,0.38941298535995433,9.474214401904286,0.0010957311673314807,0.9911260742158248
889,0.4840389923406685,0.3894085835891177,9.463040875155082,0.004243271316464722,0.9588368111195932
890,0.4841400594731818,0.389412413535568,9.47276459376138,0.004848983381249372,0.9816833203092453
891,0.48419052433727133,0.38941433299774464,9.47761913395267,0.004072695695653687,0.9999459313657918
892,0.4841870466666986,0.38941420030308677,9.477284636361183,0.004204195735950871,0.9999841662283049
893,0.4840928404349602,0.3894106293667344,9.468221106822583,0.004339771093842671,0.984807740307765
894,0.4841400594731818,0.389412413535568,9.47276459376138,0.00454634569422891,0.973832146194032
895,0.4840928404349602,0.3894106293667344,9.468221106822583,0.004151625612590227,0.9909386284833103
896,0.4840928404349602,0.3894106293667344,9.468221106822583,0.004997631377140012,0.9900912075977576
897,0.4842066761850427,0.3894149501042963,9.479172608074643,0.00276189729626212,0.9998675692391132
898,0.48399407459069305,0.38940693450451874,9.45871400861743,0.004728037963676481,0.7918483269968812
899,0.48399942404379176,0.38940688232054893,9.459254172324282,0.004411145054480768,0.5851162915460807
900,0.4841400594731818,0.389412413535568,9.47276459376138,0.0030292285292399714,0.977833868033125
901,0.4841884377349277,0.38941425337350155,9.477418436142615,0.004830156206147859,0.9999733390314469
902,0.4840928404349602,0.3894106293667344,9.468221106822583,0.0039107090225292025,0.9831531911578912
903,0.4840389923406685,0.3894085835891177,9.463040875155082,0.004264012935514498,0.966918251419625
904,0.4840928404349602,0.3894106293667344,9.468221106822583,0.0040248140626711225,0.9896218834877216
905,0.48419052433727133,0.38941433299774464,9.47761913395267,0.004620278556798545,0.9999457135929859
906,0.4840928404349602,0.3894106293667344,9.468221106822583,0.004140918408461246,0.9832061881066044
907,0.4840928404349602,0.3894106293667344,9.468221106822583,0.0037107115729493783,0.9899198244681808
908,0.4841400594731818,0.389412413535568,9.47276459376138,0.004430645869462643,0.9752610182294793
909,0.4840928404349602,0.3894106293667344,9.468221106822583,0.004308806362266574,0.9909127853609097
910,0.4841551293789972,0.38941298535995433,9.474214401904286,0.004679271401874503,0.9916537353408614
911,0.48419052433727133,0.38941433299774464,9.47761913395267,0.0048824966504445,0.9999519802271352
912,0.4839733444782821,0.3893819396048685,9.459140487341362,0.004517840120646138,0.7636719038594214
913,0.4841400594731818,0.389412413535568,9.47276459376138,0.001920180426704026,0.9814108988647288
914,0.4840389923406685,0.3894085835891177,9.463040875155082,0.004225083218718424,0.9665610544654947
915,0.4841551293789972,0.38941298535995433,9.474214401904286,0.004090757157742471,0.9912736269504356
916,0.4841400594731818,0.389412413535568,9.47276459376138,0.004347631736391596,0.9781899296748601
917,0.4840928404349602,0.3894106293667344,9.468221106822583,0.004768145819891132,0.9903278281522461
918,0.4842066761850427,0.3894149501042963,9.479172608074643,0.003996333652397613,0.9996885106680887
919,0.4840928404349602,0.3894106293667344,9.468221106822583,0.0041869664375734274,0.9837448804802436
920,0.4841400594731818,0.389412413535568,9.47276459376138,0.004272643749013677,0.9725144596626969
921,0.4842066761850427,0.3894149501042963,9.479172608074643,0.002547889813349539,0.999885187438584
922,0.4840928404349602,0.3894106293667344,9.468221106822583,0.004494137058021453,0.9903004748546141
923,0.4840928404349602,0.3894106293667344,9.468221106822583,0.004924307157049702,0.9829031134930131
924,0.4840389923406685,0.3894085835891177,9.463040875155082,0.0033826252508988995,0.9544032700715805
925,0.4842066761850427,0.3894149501042963,9.479172608074643,0.004372393267435196,0.9999072254031439
926,0.4840928404349602,0.3894106293667344,9.468221106822583,0.004089793767591735,0.9831201899329698
927,0.48411699092504895,0.3894115404620688,9.470545046298017,0.0038305279767330298,0.8922018558964662
928,0.4841551293789972,0.38941298535995433,9.474214401904286,0.004595905063893132,0.9911628905249806
929,0.4841400594731818,0.389412413535568,9.47276459376138,0.0047801325715242406,0.9735093112434617
930,0.4841551293789972,0.38941298535995433,9.474214401904286,0.00444256915262236,0.9913631415593184
931,0.4842066761850427,0.3894149501042963,9.479172608074643,0.0041645516904130495,0.9998434096794852
932,0.4840928404349602,0.3894106293667344,9.468221106822583,0.003945629786717194,0.9831532738461056
933,0.4840389923406685,0.3894085835891177,9.463040875155082,0.004316948613534477,0.9629430882218614
934,0.4840928404349602,0.3894106293667344,9.468221106822583,0.004666598101478341,0.989916504844489
935,0.4841400594731818,0.389412413535568,9.47276459376138,0.004876797568971298,0.9758897866163266
936,0.4840928404349602,0.3894106293667344,9.468221106822583,0.004041300049178069,0.9902206505931405
937,0.4840928404349602,0.3894106293667344,9.468221106822583,0.00427826297494233,0.9906415375286244
938,0.4840928404349602,0.3894106293667344,9.468221106822583,0.0049989873685626785,0.9825435146528223
939,0.4840928404349602,0.3894106293667344,9.468221106822583,0.004171262426408428,0.9906270832010143
940,0.4842066761850427,0.3894149501042963,9.479172608074643,0.004425025314761295,0.9996430118968702
941,0.4841400594731818,0.389412413535568,9.47276459376138,0.004107208982224489,0.9726907414140655
942,0.48419052433727133,0.38941433299774464,9.47761913395267,0.004584118840696271,0.9999438486745784
943,0.4840928404349602,0.3894106293667344,9.468221106822583,0.004244827623018433,0.9820077743596888
944,0.4840928404349602,0.3894106293667344,9.468221106822583,0.0017935938318061357,0.9908268255293441
945,0.4841400594731818,0.389412413535568,9.47276459376138,0.00480507095629545,0.9774244471123402
946,0.4841551293789972,0.38941298535995433,9.474214401904286,0.004471757758329524,0.9913276009917994
947,0.48369631476910396,0.3889644200748991,9.473189469420484,0.004354950384659967,0.5524065209436654
948,0.4840389923406685,0.3894085835891177,9.463040875155082,0.0021047790272862013,0.9655089876378864
949,0.4842066761850427,0.3894149501042963,9.479172608074643,0.0047123919364253156,0.9997905116224821
950,0.4840928404349602,0.3894106293667344,9.468221106822583,0.004194662946819777,0.9826679361230802
951,0.4842066761850427,0.3894149501042963,9.479172608074643,0.0013559459173913511,0.9998749370081393
952,0.48399942404379176,0.38940688232054893,9.459254172324282,0.004004890217161349,0.6775699899595289
953,0.4840928404349602,0.3894106293667344,9.468221106822583,0.00012783879575730848,0.9908329997793758
954,0.4841400594731818,0.389412413535568,9.47276459376138,0.0038836078230938455,0.9767861297947702
955,0.4840928404349602,0.3894106293667344,9.468221106822583,0.004889974201211077,0.9904494413996179
956,0.4840928404349602,0.3894106293667344,9.468221106822583,0.004281434328309951,0.9826594797799617
957,0.4842066761850427,0.3894149501042963,9.479172608074643,0.004101875436395837,0.9998637701888917
958,0.4840928404349602,0.3894106293667344,9.468221106822583,0.004588336300052743,0.9900660065860148
959,0.4841400594731818,0.389412413535568,9.47276459376138,0.0023558959017539673,0.9735682399954687
960,0.4840928404349602,0.3894106293667344,9.468221106822583,0.004369000636994963,0.9837387438480839
961,0.48411699092504895,0.3894115404620688,9.470545046298017,0.004200648744047934,0.8717623110408173
962,0.4841551293789972,0.38941298535995433,9.474214401904286,0.0022334689314545057,0.9914748920576526
963,0.4842066761850427,0.3894149501042963,9.479172608074643,0.0044968595074883,0.99965519246932
964,0.4841400379912,0.3894123876422233,9.472765034897668,0.004718181582564846,0.9676307156363765
965,0.4840928404349602,0.3894106293667344,9.468221106822583,0.004009458303342015,0.9825699819950048
966,0.4842066761850427,0.3894149501042963,9.479172608074643,0.004796169908001886,0.9997213448038764
967,0.4842066761850427,0.3894149501042963,9.479172608074643,0.004288718765109553,0.9998966001933167
968,0.4840928404349602,0.3894106293667344,9.468221106822583,0.004156527368641503,0.9886870189916079
969,0.4841884377349277,0.38941425337350155,9.477418436142615,0.004931742968781475,0.9999666613704637
970,0.4841400594731818,0.389412413535568,9.47276459376138,0.0040659862142419165,0.9758219456549098
971,0.4840928404349602,0.3894106293667344,9.468221106822583,0.004413913198713359,0.9843938516358243
972,0.4840389923406685,0.3894085835891177,9.463040875155082,0.004567687661619815,0.9582964922102601
973,0.4840928404349602,0.3894106293667344,9.468221106822583,0.004252102353844351,0.9895830065145148
974,0.4840928404349602,0.3894106293667344,9.468221106822583,0.00391287967008575,0.9909379845614172
975,0.4841400594731818,0.389412413535568,9.47276459376138,0.004836392961453816,0.9744345683736824
976,0.4840928404349602,0.3894106293667344,9.468221106822583,0.004378885778686666,0.990220425819764
977,0.4841400594731818,0.389412413535568,9.47276459376138,0.004668855625421593,0.981414641476331
978,0.4842066761850427,0.3894149501042963,9.479172608074643,0.003750119575028018,0.9996882603185907
979,0.4841551293789972,0.38941298535995433,9.474214401904286,0.004164491157794842,0.9911607916302538
980,0.4841400379912,0.3894123876422233,9.472765034897668,0.00450525999364329,0.9672073779372686
981,0.4841400594731818,0.389412413535568,9.47276459376138,0.004297626512856657,0.9812732062849143
982,0.4839733444782821,0.3893819396048685,9.459140487341362,0.004064826156729481,0.7412222571961089
983,0.48419052433727133,0.38941433299774464,9.47761913395267,0.0016624529923783043,0.9999447215106438
984,0.4841551293789972,0.38941298535995433,9.474214401904286,0.004182996721808183,0.9918184171959209
985,0.48399942404379176,0.38940688232054893,9.459254172324282,0.004920874060397299,0.6028998259796416
986,0.4840928404349602,0.3894106293667344,9.468221106822583,0.0043485065071427135,0.9838767895381937
987,0.4841551293789972,0.38941298535995433,9.474214401904286,0.004742662807410876,0.9911282433878689
988,0.4841400594731818,0.389412413535568,9.47276459376138,0.003965450312856296,0.9714449236932815
989,0.4840928404349602,0.3894106293667344,9.468221106822583,0.004423328454255431,0.9821887556884646
990,0.4842066761850427,0.3894149501042963,9.479172608074643,0.004225479874513912,0.9998312132929889
991,0.4840928404349602,0.3894106293667344,9.468221106822583,0.004656974404847102,0.9907340864949546
992,0.4841400594731818,0.389412413535568,9.47276459376138,0.004107209088705472,0.9745522179114245
993,0.4841551293789972,0.38941298535995433,9.474214401904286,0.0027021042669927303,0.9916285097400274
994,0.4840928404349602,0.3894106293667344,9.468221106822583,0.003636278377906057,0.9827301181273971
995,0.4841551293789972,0.38941298535995433,9.474214401904286,0.004993825771055735,0.9914240070112208
996,0.4842066761850427,0.3894149501042963,9.479172608074643,0.004822824433286206,0.9998754438517814
997,0.4840390138226503,0.3894086094882896,9.46304043343607,0.004481152271795776,0.9459953517125764
998,0.4840389923406685,0.3894085835891177,9.463040875155082,0.004297306098784563,0.9621686557308092
999,0.4840928404349602,0.3894106293667344,9.468221106822583,0.0042218804401978624,0.9824369404743848
