trial,roc_auc_mean,roc_auc_std,value,contamination,n_bins,n_random_cuts
0,0.2027460821322352,0.08908269631128078,11.366338582095441,0.004874135574087895,899,49
1,0.19860181689926026,0.09154666312640392,10.705515377285636,0.004170402565666033,3139,534
2,0.20670088843132772,0.0894907382112007,11.721015022012702,0.0030145495940432387,1742,761
3,0.17514584763212082,0.09272445386619341,8.24213937659274,0.0029214551796201862,2789,564
4,0.20395790436970943,0.08176919543367214,12.218870893603729,0.0029605633912272848,1310,572
5,0.20187743079386866,0.09802980213592663,10.384762865794203,0.004053005703333066,1493,680
6,0.19331245710363762,0.08853221188313905,10.478024522049857,0.0011794058500305341,3877,444
7,0.201350758788988,0.09068011457030735,11.067064421868066,0.0022777340548395674,2074,468
8,0.20780666132845269,0.08581051029401233,12.199615103444035,0.002564096046836022,2023,849
9,0.19704801532830016,0.0913826158849336,10.566539944336656,0.0026017866530798138,2574,674
10,0.19585525814077634,0.09428057872905561,10.157467941172072,0.0034161384310088046,1759,649
11,0.4317185236025318,0.1463471183034551,28.537140529907674,0.0033831397837953497,96,520
12,0.24264089071913367,0.07571898505549285,16.692190566364083,0.0030151448406442374,539,521
13,0.1892337279798673,0.09117609057884643,9.805763740102085,0.002318862174097841,2785,406
14,0.3033034965301609,0.1213431378951799,18.1960358634981,0.0033279480386586248,169,698
15,0.2842813429421185,0.09342653149630856,19.085481144580992,0.0031387091346716978,220,825
16,0.37679688095782815,0.15885016647695685,21.79467144808713,0.0030126202048943703,110,546
17,0.207146533973919,0.0956737051392121,11.14728288347069,0.002239035401398063,1286,676
18,0.20342646610234116,0.09361535113581418,10.981111496652698,0.003605728233299064,2180,715
19,0.22095201326927474,0.08468952670346146,13.62624865658133,0.0038998547846456214,1073,450
20,0.21692452146724625,0.08051084880173139,13.641367266551486,0.0034092477351807863,1189,637
21,0.2429840616182415,0.10379640020995512,13.918766140828637,0.004781226574629524,337,84
22,0.24690192938305497,0.08229384539621813,16.460808398683685,0.004206192235975752,391,213
23,0.20445121253717682,0.09101259710455059,11.343861543262623,0.0038247707925688555,1402,476
24,0.19557166552276364,0.08637102112932345,10.920064439344019,0.002466316501978153,3284,560
25,0.19295737054831083,0.1031348894797178,8.982248106859302,0.003392045085120903,1539,307
26,0.2547424311751697,0.10199474744837543,15.274768372679425,0.003521385355093285,288,376
27,0.20495167009837567,0.09158303773311705,11.336863236525863,0.0024742525100977172,1581,671
28,0.20803067566537026,0.07579413331114225,13.2236542354228,0.0030049105662536247,1046,473
29,0.21580683291390224,0.09224544898375912,12.35613839301431,0.004235685425581844,1162,157
30,0.2264784946236559,0.07438532139793719,15.209317322571872,0.001607038850550516,634,225
31,0.23108985358041637,0.07576011384016618,15.532973974025019,0.003251270553010057,660,588
32,0.1988699191641882,0.08909350041940446,10.977641874478374,0.0033775946413612235,2367,406
33,0.22885685960497215,0.08004006577606182,14.881679382891033,0.0034639914387124037,900,306
34,0.22733165560893767,0.10108498449401655,12.62466711149211,0.004296169567022562,708,121
35,0.20265194844810494,0.08018496987832495,12.246697856977999,0.003394838809739684,3345,356
36,0.21072123083962482,0.09682094697990605,11.390028385971878,0.0033443935259009966,887,424
37,0.20975606268588423,0.07620154201115711,13.355452067472712,0.003314680949488548,1209,495
38,0.2542229085640204,0.10799056361473247,14.623234494928795,0.003162002621669181,421,146
39,0.20048925684435293,0.06631035272324144,13.41789041211115,0.003482542596464716,1459,168
40,0.24668744757111263,0.08856421641196514,15.81232311591475,0.0016743190467086097,437,842
41,0.2693319606497369,0.11489349152955984,15.443846912017706,0.004055824909375024,238,99
42,0.2157758522077328,0.08486675414316189,13.090909806457091,0.002339620627016487,1145,435
43,0.22559435293220473,0.08543850014221142,14.015585278999332,0.0019041022896793376,760,794
44,0.20141510333257073,0.09853804536019285,10.287705797237788,0.002361673208709898,2266,787
45,0.23736702127659573,0.08811951941526214,14.924750186133359,0.00249259109502966,581,651
46,0.2764956531686113,0.08765204066195334,18.884361250665798,0.002489858394858913,262,259
47,0.22551570960115916,0.06866220104883691,15.685350855232224,0.002807170724812329,697,429
48,0.2168887744985892,0.08739401903674049,12.949475546184871,0.0025493905931944756,1081,507
49,0.21103818729505072,0.07447642475984305,13.65617625352077,0.0023442795879304035,993,213
50,0.22112359871882867,0.07761586053485582,14.350773818397283,0.0018841603132552208,981,630
51,0.23848947609242735,0.10336747985083536,13.5121996241592,0.002603033119596325,382,262
52,0.2513440860215053,0.09404633508663812,15.729775093486719,0.0024365792291688596,379,571
53,0.21047338519026923,0.09540026164545154,11.507312354481769,0.002828825607027789,900,539
54,0.27470115534202705,0.09551936411292423,17.91817912291028,0.0017156093452329318,242,693
55,0.26116258674597725,0.08750040485435409,17.366218189162318,0.0035748354229387398,280,219
56,0.2291356859604972,0.08703867571304369,14.20970102474535,0.002231852246327628,482,523
57,0.2311279836803172,0.08547272771036195,14.565525596995526,0.002371238396281597,666,599
58,0.26027367879203844,0.08868128791667279,17.159239087536566,0.0022763396653774455,372,641
59,0.24576040951727296,0.08351046366367328,16.22499458535997,0.0009938062667006432,362,609
60,0.2575664416990772,0.08439996711580118,17.316647458327605,0.003188129786192438,518,395
61,0.5089748722641653,0.10649174658770637,40.24831256764589,0.0030628377286274567,78,405
62,0.5506034088309312,0.11106863450341972,43.95347743275114,0.0033569644330472418,65,191
63,0.2320121253717685,0.07609263619037614,15.591948918139236,0.0020314641641973434,503,544
64,0.2188858384808968,0.06663297246093783,15.225286601995897,0.002897899840158547,580,168
65,0.242235758407687,0.08415746659934534,15.807829180834165,0.0036755802204553613,441,429
66,0.23134484862350338,0.08155866957127485,14.978617905222851,0.003329048787428113,544,171
67,0.26903406924426143,0.10780957418757449,16.122449505668694,0.003665146455461885,267,97
68,0.2764885037748799,0.0977178585980074,17.877064517687245,0.0026751169703814505,263,164
69,0.23940221535880424,0.0994858409691383,13.991637438966592,0.0027338330213276625,506,57
70,0.23534374285060625,0.07343907005306267,16.190467279754355,0.0027179243863363063,559,413
71,0.2618965911690689,0.10591635445033874,15.598023671873012,0.002477073808476426,541,22
72,0.21357860520094563,0.08073671923376585,13.284188596717977,0.0034164417271690816,613,325
73,0.21704844429192405,0.05970746394705531,15.734098034486873,0.003250618799298586,750,145
74,0.22512010981468775,0.0736676055681366,15.145250424655115,0.002373239731033911,733,398
75,0.20677238236864182,0.08826214285972203,11.851023950891978,0.0025432606886385133,1043,173
76,0.23240295889575227,0.07502646527376444,15.737649362198782,0.0024689978374103226,544,317
77,0.38225425150613895,0.13922592393828054,24.30283275678584,0.003425162281705263,112,312
78,0.2562581026462289,0.0861793527927568,17.00787498534721,0.002633319205370981,346,315
79,0.23541881148478608,0.07449938612540798,16.091942535937807,0.003480760671095314,587,153
80,0.22572065888812629,0.07498264513276293,15.073801375536336,0.00360019955082049,365,237
81,0.29613980401128653,0.11423682949674663,18.19029745145399,0.0021999373964356876,191,707
82,0.24911824143979255,0.0805069245816769,16.861131685811564,0.003527540738093684,504,123
83,0.24378717684740336,0.09060314664384139,15.318403020356197,0.0034165107914320377,498,307
84,0.24708781362007168,0.09369325707723092,15.339455654284077,0.0030685324906697124,408,193
85,0.2983656485929993,0.10733881226283319,19.10268363301661,0.002097345421392997,181,692
86,0.2640032791885915,0.09615698562032376,16.784629356826773,0.002140620039024347,267,504
87,0.3916008922443377,0.13380175614509834,25.77991360992393,0.0035219941394537936,105,431
88,0.21580683291390224,0.0846898003765593,13.111703253734294,0.0020500603942015124,667,506
89,0.24293639899336536,0.10001348653797139,14.292291245539396,0.0029705977067921024,337,246
90,0.2242407343857241,0.08857343873539449,13.56672956503296,0.0022047358799844765,730,514
91,0.2255347746511096,0.07838178923644869,14.715298541466094,0.0028335705581921896,611,411
92,0.23934978647144053,0.08194366428634713,15.740612218509343,0.002677783052667932,485,596
93,0.2535889956531686,0.08485319265059071,16.87358030025779,0.002209721248658694,294,737
94,0.31013116754365894,0.10988911987740932,20.024204766624962,0.0021691099563128586,177,623
95,0.2348790322580645,0.08024533857816027,15.463369367990424,0.003469496467741301,402,185
96,0.23224090597117364,0.08578814189315263,14.645276407802099,0.0022079851233346155,644,396
97,0.2813763059559216,0.09790145155041195,18.347485440550965,0.00261090553727482,231,780
98,0.2515514184397163,0.08713630339414632,16.441511504556996,0.0024891080913641292,371,493
99,0.23488856478303974,0.07911605596918816,15.577250881385158,0.002884639083109108,536,648
100,0.22977913139632422,0.08380850473994368,14.597062665638056,0.001349582313650177,635,963
101,0.2513703004651872,0.08879576608427914,16.257453438090806,0.0024419922030071194,322,676
102,0.315731525966598,0.104982570530096,21.074895543650197,0.0009837656914519098,155,964
103,0.3063729695721803,0.10649477676038525,19.987819281179505,0.002564325866760705,177,288
104,0.2709882368641806,0.09217150057256297,17.881673629161764,0.0036891811610657676,216,515
105,0.23886839396019213,0.08427834210342933,15.459005185676281,0.0028862525890258283,434,532
106,0.25668944940135746,0.09406067039863511,16.262877900272237,0.002469657931736917,308,634
107,0.26298568214748724,0.10379886567959294,15.918681646789429,0.0021554575903981773,295,228
108,0.30172586364676274,0.11323644985523643,18.84894137915263,0.001864119678545789,170,634
109,0.2722632120796156,0.10086645367662388,17.139675840299173,0.002051076422739172,257,590
110,0.3390051856935865,0.1180165265687352,22.09886591248513,0.0016120904061459804,129,818
111,0.38735415236787923,0.1482604352447013,23.909371712317792,0.002581094914852785,111,414
112,0.28430040799206896,0.10794141275752957,17.63589952345394,0.002629800822654623,242,428
113,0.2700373674979028,0.09317013130427618,17.686723619362663,0.0017480343399541318,273,645
114,0.25514279722412875,0.0953419224080588,15.980087481606994,0.00232181122580645,305,582
115,0.30572714100510945,0.1123145123177332,19.341262868737623,0.002273354432081834,165,554
116,0.22512487607717532,0.0944297014588067,13.06951746183686,0.002404482302967909,642,424
117,0.26491125219248074,0.0956640963789873,16.924715581349343,0.002484917477484423,300,426
118,0.23353017997407152,0.06975239016379989,16.377778981027163,0.003211826168820181,451,451
119,0.32057881491649504,0.12611557940083676,19.44632355156583,0.0029103824113824446,140,452
120,0.2614342637077709,0.09288729789929338,16.85469658084775,0.0033193169649995214,301,307
121,0.23796757035003432,0.07941021791520864,15.855735243482568,0.002119374100787627,525,403
122,0.2506958743231907,0.08731114647187786,16.33847278513128,0.0033790757894105175,353,436
123,0.2555479295355754,0.09342515443073596,16.212277510483947,0.0025178792896541403,307,758
124,0.28592570350034324,0.0980845298147722,18.784117368557105,0.002456752600212338,192,515
125,0.28499151605277206,0.0956455602458154,18.934595580695667,0.0024320218977524006,243,580
126,0.23513402730115152,0.09084355594270413,14.429047135844739,0.0010429446402818322,463,791
127,0.2525022878059941,0.09309052977044788,15.941175803554621,0.002489695959925519,329,430
128,0.27733451536643033,0.09992746763141984,17.740704773501047,0.0027418387303761306,252,473
129,0.2573591092808663,0.09082205480828286,16.653705447258343,0.002194344599338209,305,652
130,0.2462227369785709,0.08027741575288756,16.594532122568335,0.0025668025415910905,376,413
131,0.32385800350796917,0.12415304454363145,19.97049589643377,0.002467546160557535,153,580
132,0.24442823915198655,0.07932202659584106,16.51062125561455,0.002119141618693392,439,691
133,0.36306766186227407,0.13155112894714813,23.151653291512595,0.002738631614446623,129,450
134,0.2562390375962785,0.09374165927541256,16.24973783208659,0.002644972106371915,334,407
135,0.4116716235796538,0.1406486124509068,27.102301112874706,0.0024203486537156915,97,606
136,0.2936875619614123,0.10235922762001108,19.132833434140124,0.002183350894088071,189,632
137,0.36819616029894003,0.12731802126337505,24.087813903556498,0.0033324196619101947,114,325
138,0.4669054564172958,0.14489500687930665,32.20104495379892,0.0026977975850004205,80,446
139,0.2930655647067795,0.10351558379249295,18.954998091428656,0.0025867581873446365,181,513
140,0.30571045908640276,0.1019738901329679,20.373656895343487,0.0022741781795261886,168,536
141,0.2836664950812171,0.09638575320197805,18.728074187923905,0.0023663564927811887,195,608
142,0.386567719057424,0.15562966823515129,23.09380508222727,0.0023244463076208775,110,540
143,0.3120901014260657,0.11854476950039552,19.35453319256702,0.002952957897093393,197,358
144,0.2719867688553344,0.07952334833686667,19.246342051846774,0.0024660652928985135,255,499
145,0.4178201021886678,0.11990313589639844,29.791696629226934,0.0024479089785663048,100,537
146,0.3033082627926485,0.11306556258268179,19.02427002099667,0.0020558355364507625,172,610
147,0.37868908716540833,0.13665791415788336,24.203117300752496,0.002780330365165044,113,500
148,0.4821741782963471,0.12822261446984098,35.39515638265062,0.0029034560384249212,83,455
149,0.3652958895752307,0.12422689147435656,24.106899810087413,0.0029400107338059898,119,387
150,0.2865524670174636,0.09380031410018913,19.27521529172745,0.0028820896210029817,175,459
151,0.39010905208571645,0.1507102423325503,23.939880975316616,0.0024680780961180457,112,544
152,0.3760747921909555,0.15251085438005643,22.35639378108991,0.002792771183514732,113,453
153,0.3863460878517501,0.1171516555036241,26.9194432348126,0.0030866318891710795,122,398
154,0.5627573781743308,0.10110177726487692,46.16556009094539,0.0025061788008781533,65,481
155,0.2875938953710058,0.09814653521719939,18.94473601538064,0.002481268771930515,250,498
156,0.46630014108136963,0.1649139180920787,30.138622298929096,0.002672375824977901,82,450
157,0.3643545527339282,0.12670776377289905,23.764678896102915,0.0025435166850222703,124,473
158,0.31599367040341647,0.10671952641515615,20.927414398826034,0.002570315460244897,150,529
159,0.36679249599633956,0.11890009328213517,24.789240271420436,0.0029178514153207326,115,417
160,0.3087775489971783,0.1263038832099219,18.24736657872564,0.0028784926858509753,158,372
161,0.4358675550979944,0.1250646549964596,31.080290010153476,0.0028878835061522667,88,413
162,0.45943433996797073,0.11797951587678207,34.14548240911886,0.0028009385243217334,93,417
163,0.3785198848470983,0.10700730109932242,27.151258374777587,0.002708916094387398,112,475
164,0.43217608480134223,0.15169467521054977,28.048140959079248,0.0029729368606271397,87,348
165,0.42025089605734767,0.12917268239010285,29.107821366724483,0.0029243247800679745,110,414
166,0.415375009532525,0.12186029593293257,29.35147135995924,0.002910941452715257,107,382
167,0.3116968847708381,0.10703401016497802,20.46628746058601,0.002875951073381821,171,400
168,0.31404426904598487,0.12098925412027463,19.305501492571025,0.0024924891174288866,161,552
169,0.48333476321207963,0.1378507726660604,34.548399054601916,0.002952995491226856,79,368
170,0.3470053572790361,0.1284677650851761,21.853759219386,0.002752467767705718,131,391
171,0.3683200831236178,0.11893129429843279,24.9388788825185,0.0028546182804483396,122,388
172,0.5243055555555555,0.14562596333927594,37.867959221627956,0.002907111348443362,68,403
173,0.38336002440326394,0.1422689334943252,24.109109090893874,0.0027890965045803237,110,395
174,0.41799883703195295,0.1162514484304164,30.174738860153656,0.0029629050775828174,105,410
175,0.35102569968733316,0.13184492820963087,21.91807714777023,0.0027150881793939863,125,454
176,0.44601254480286734,0.16517842279308098,28.083412200978636,0.0028890824963567594,87,438
177,0.35990048043925876,0.13013889744481802,22.976158299444073,0.0028533455281142678,122,435
178,0.6552895981087471,0.11229805303753689,54.29915450712102,0.0029214275819682573,50,404
179,0.33100024784564935,0.12871841491746305,20.22818329281863,0.003013818224027192,138,394
180,0.40246558758483947,0.11988353037145229,28.25820572133872,0.002802173861840869,109,399
181,0.3127001830244795,0.11253285495299653,20.016732807148298,0.0029931451070671746,134,376
182,0.5655980706169449,0.13475258849750535,43.084548211943954,0.00285873314858978,58,396
183,0.3671285175017158,0.13340979159995162,23.37187259017642,0.0027568856454260843,116,420
184,0.455542686646839,0.14565953835711573,30.988314828972328,0.0027669019196751334,88,398
185,0.45372435750781664,0.13469730624541934,31.902705126239727,0.002954567805414456,95,406
186,0.5214529474567223,0.15267480361146182,36.877814384526054,0.002840082952453133,74,419
187,0.5748589186303668,0.15853776889923485,41.63211497311319,0.003194607942399189,55,291
188,0.4855320102188667,0.13353466694751095,35.19973432713558,0.002697679758281976,75,471
189,0.6340797300388927,0.13086845846918913,50.321127156970356,0.0029038047084848817,56,410
190,0.4290541828719592,0.1463035193109457,28.275066356101348,0.002914739986814275,88,367
191,0.36528397391901163,0.13550509026584434,22.97788836531673,0.00309757098331769,121,327
192,0.5731668954472661,0.1407470291899071,43.2419866257359,0.002927092901341484,64,415
193,0.46899069625562423,0.11440706355427468,35.45836327013495,0.00302072805551406,84,383
194,0.6512120605505985,0.12960970641491903,52.16023541356796,0.00307067591752029,50,376
195,0.5848871349042934,0.11759035945389835,46.72967754503951,0.0029721247327910327,65,411
196,0.4423663539998475,0.13516563056527908,30.720072343456838,0.002748077907839252,95,467
197,0.5026381262868909,0.13164330668851093,37.099481959837995,0.002889068277805399,77,452
198,0.4619652253488904,0.13243048168143323,32.953474366745716,0.0030929672775923747,76,383
199,0.4560383779455502,0.11347771731126806,34.256066063428214,0.0028758667038595895,85,400
200,0.47849224052467015,0.1506899754476233,32.78022650770468,0.0030741086647924514,79,395
201,0.43766920231831,0.1255445517715593,31.212465054675075,0.002951267423744336,91,419
202,0.4639289254937848,0.13837347670968878,32.555544878409606,0.002780874074628135,78,423
203,0.37882969190879284,0.12159448613925837,25.723520576953447,0.002709052568098385,109,468
204,0.3963004270571189,0.13490729266370474,26.139313439341414,0.002901778854397132,103,435
205,0.3086583924349882,0.1136380132756736,19.50203791593146,0.002839425813845657,154,421
206,0.37047205063677263,0.14985787806392437,22.061417257284827,0.002866184118942766,112,432
207,0.5085101616716236,0.14439295397813567,36.41172076934879,0.0027115229465654945,75,443
208,0.46339272096392886,0.1607996187487479,30.2593102215181,0.003045212310791188,82,385
209,0.5080526004728133,0.14162636757415026,36.64262328986631,0.002837190592834514,73,440
210,0.41984814687714483,0.12185555828989923,29.79925885872456,0.002952070453323952,96,460
211,0.4293973537710669,0.1214273575339497,30.79699962371172,0.002715355657276144,101,464
212,0.48344200411805077,0.11373983766858999,36.97021664494608,0.002880034509497673,81,436
213,0.4934034927171509,0.10461752858883708,38.87859641283138,0.0028305776152666253,86,431
214,0.5251610996720811,0.13916460900178895,38.59964906702922,0.0026315263294364797,71,499
215,0.47201250667276745,0.1458172128731441,32.61952937996234,0.0027709063481441026,83,423
216,0.5995505414474186,0.11410374553982881,48.544679590758975,0.002836220113589841,52,430
217,0.45592398764584763,0.12895817473490992,32.69658129109377,0.002872685707964068,84,427
218,0.5635175970411043,0.11533604179321218,44.81815552478921,0.002757115562169424,68,478
219,0.4723151643407306,0.1609837905183018,31.133137382242882,0.0028266421024132696,79,446
220,0.47828967436894687,0.1526757905659715,32.561388380297544,0.003026014000649588,79,391
221,0.5312785975749256,0.16414032129662381,36.71382762783018,0.002818962757349858,70,444
222,0.4746148859910013,0.1291046213354788,34.551026465552255,0.002878468920913129,81,418
223,0.6372230801494699,0.11070560537990343,52.65174747695664,0.002746645126037357,52,414
224,0.4760781285746969,0.15504230400944388,32.1035824565253,0.0028602117924828173,75,422
225,0.5910141653321132,0.14193412219885232,44.90800431332608,0.002932899254033679,54,374
226,0.6028297300388927,0.14782611194313014,45.50036180957626,0.0030822750046152468,50,339
227,0.5211431403950278,0.13525392004777606,38.58892203472518,0.00277876091150264,74,439
228,0.4972736978570884,0.17374477389694004,32.35289239601484,0.0026665081889085426,68,483
229,0.5251610996720811,0.14104207808220923,38.41190215898719,0.00275526145063841,64,442
230,0.5760576336460002,0.1315774057599185,44.448022788608164,0.002730482695169232,60,421
231,0.5727141005109434,0.1291662746359609,44.354782587498256,0.0027611123991929986,58,424
232,0.5883355258140777,0.1396649305717406,44.86705952423371,0.002908026097410293,57,331
233,0.4315064249218333,0.13778616861321277,29.372025630862055,0.00326677092478842,92,301
234,0.5185026309768932,0.14096816215159266,37.75344688253005,0.003002340471155123,70,348
235,0.5976583352398382,0.13598701505592214,46.16713201839161,0.0028841632516192393,52,414
236,0.5735195988713491,0.11721057911435206,45.6309019756997,0.0031372791614157057,56,350
237,0.6331836726912224,0.12886999646815006,50.43136762230724,0.00302658497402351,50,337
238,0.5930255281018836,0.11062612834119331,48.239939976069024,0.002739578775522342,56,448
239,0.5787052924578663,0.12793759869778348,45.07676937600828,0.0029289254939026646,53,377
240,0.5880995958209411,0.13852817121012587,44.957142461081524,0.002962816061424304,54,338
241,0.6215897391901166,0.13615866392430645,48.54310752658102,0.002803312709576592,56,435
242,0.5017563677266835,0.13936973498466768,36.238663274201585,0.0027084744731902173,74,433
243,0.5534202699611073,0.14073141930168845,41.26888506594189,0.003120798693866759,64,324
244,0.5624475711126363,0.12310712348014975,43.93404476324866,0.0026065772934754723,57,504
245,0.5859952909326623,0.12617454586930174,45.982074506336055,0.0028579016911996578,57,421
246,0.5133097879966445,0.12619365075450242,38.71161372421421,0.002906163197577878,63,425
247,0.5770371005872036,0.10971261267453745,46.73244879126661,0.0029854258726021354,60,371
248,0.5643207122702661,0.14339184958951853,42.09288626807476,0.002895735771663214,58,420
249,0.5898869442537938,0.13878678820380863,45.11001560499852,0.0030047446886935624,58,368
250,0.5538349347975292,0.1352295390757617,41.86053957217675,0.0028625744535358175,67,429
251,0.6332932967284375,0.12388619021477854,50.9407106513659,0.0028613551590703367,54,377
252,0.5518902997025852,0.14579628342540646,40.60940162771787,0.0026775453656670356,61,492
253,0.6042453099977122,0.12086431334500278,48.33809966527094,0.002917941787880031,52,381
254,0.5570759932891024,0.15971773857851065,39.73582547105917,0.002878193567923723,57,389
255,0.4955077976054298,0.1319122564526613,36.35955411527685,0.0028571220108611975,67,382
256,0.5595210859452452,0.1600721770212393,39.944890892400586,0.002907220649359502,57,363
257,0.50177304964539,0.13226908761556871,36.950396202982134,0.0027072225134347947,75,426
258,0.546206531686113,0.12151506295907329,42.46914687270397,0.0027601746614715097,65,411
259,0.5691870662701136,0.13693855790721615,43.22485083628975,0.0028242501195916325,63,404
260,0.572778445054526,0.14256856323556671,43.02098818189593,0.0029465944884973913,58,361
261,0.6115710554411652,0.11727668135305552,49.42943740881097,0.0028407088974107208,55,403
262,0.5610868031724242,0.11706324996536713,44.40235532070571,0.0028258413277882422,63,415
263,0.5575597689315946,0.16788435223171813,38.96754166998765,0.0028014450615180897,53,432
264,0.5920675093418745,0.13589122895839595,45.61762803834785,0.0028396095047044895,54,410
265,0.5455201898878975,0.11764049335290734,42.78796965349902,0.002956844982238041,71,358
266,0.5543830549836041,0.15569808136606728,39.86849736175368,0.0030249592413452513,62,343
267,0.5536347517730497,0.13912262316638638,41.45121286066633,0.002697675238521093,60,443
268,0.5843533135056814,0.1437578428099747,44.05954706957067,0.002858047785406771,54,411
269,0.5975987569587433,0.1346456365607615,46.29531203979818,0.002809643542362501,58,425
270,0.6018812438038587,0.1354824833779088,46.639876042594985,0.0028515014035269104,53,389
271,0.5308019713261648,0.1545733825121549,37.62285888140099,0.0028382463891799947,66,436
272,0.5614728704339206,0.14973399736719445,41.17388730667261,0.002789669890130692,62,426
273,0.5698543430183788,0.13559228670848916,43.42620563098896,0.0028572966491588283,57,392
274,0.5818939220620758,0.1455461068191505,43.634781524292535,0.002827327846932732,55,410
275,0.5962832685121635,0.13022650300244432,46.60567655097192,0.0027794942043250547,57,418
276,0.5789841188133913,0.13756111554743516,44.14230032659561,0.0028060320910199108,51,426
277,0.58595001143903,0.11095702999525031,47.499298144377974,0.0029235958318379373,53,374
278,0.6033778502249676,0.12666500474225006,47.67128454827175,0.0028388916187741275,50,390
279,0.5816031800503317,0.1278877683426427,45.3715411707689,0.002795512251227175,57,430
280,0.6055965454129489,0.12345497121473642,48.214157419821255,0.0028189447146110803,51,393
281,0.5614728704339206,0.10528879409204601,45.618407634187456,0.0028785798989530383,57,382
282,0.6308005414474186,0.10458637660991431,52.62141648375043,0.002727911632830346,51,397
283,0.5518902997025852,0.14611431757453522,40.577598212805,0.002877250734864381,57,386
284,0.534543487378937,0.14677696233748724,38.77665250414497,0.002720668297510211,61,437
285,0.5951989437962327,0.13332097677082175,46.18779670254109,0.002883079869041964,58,389
286,0.5810145466331122,0.14414350748892252,43.68710391441898,0.002828298207500666,51,391
287,0.6087994738046215,0.10708662880928693,50.171284499533456,0.002821493633351971,58,411
288,0.5563276900785481,0.10411075510268929,45.22169349758588,0.0027595033862118047,61,403
289,0.5777949363227332,0.12227270777695937,45.55222285457738,0.0029569097398409214,53,350
290,0.5624857012125372,0.12978227782889107,43.27034233836461,0.0027842168782243925,59,403
291,0.5445621711278883,0.14853523395933294,39.60269371685553,0.0026412570372638085,61,419
292,0.6219853389765881,0.11298204841634372,50.90032905602444,0.0029302302955442087,53,351
293,0.5623355639441775,0.0999276360315119,46.24079279126656,0.0028565328760314598,59,392
294,0.5818248112560055,0.1340663237788944,44.77584874771111,0.002841464923607531,56,386
295,0.5437900366048959,0.12734453112618968,41.644550547870615,0.0028384907275315614,63,395
296,0.5600715892625638,0.13915064661223048,42.09209426503334,0.003003670430016201,50,342
297,0.6326641500800733,0.1173976724911567,51.526647758891656,0.002987377490541796,53,330
298,0.6201384122626402,0.14315185668272826,47.6986555579912,0.0029412520805671785,50,326
299,0.6280813886982384,0.12955063680093548,49.85307518973029,0.002982122796911578,51,319
300,0.632266167162358,0.13486804673923802,49.739812042311996,0.0028277333285883994,50,375
301,0.621125028597575,0.12813886646483205,49.29861621327429,0.0030577883830072514,51,317
302,0.5515971745595974,0.13403403040453388,41.75631441550636,0.0029528242392174095,66,384
303,0.61598461450469,0.12025705854407011,49.57275559606199,0.0030458294132136724,53,297
304,0.5925774994280485,0.10565951149179606,48.69179879362524,0.0030888731303762252,54,334
305,0.6056370586440937,0.13153670234611045,47.41003562979832,0.00299980326826705,52,277
306,0.610808453443148,0.10206449501107184,50.87439584320762,0.0029647531438590966,57,306
307,0.60138078624266,0.1385531519579233,46.28276342847367,0.002954293157320318,58,348
308,0.5803305879661406,0.1408776379092147,43.945295005692586,0.002802964370942968,59,396
309,0.5398507206588882,0.14244801749177374,39.740270316711445,0.003156253804673498,67,268
310,0.5891600892244337,0.1302254023857261,45.893468683870765,0.003052907498663636,57,275
311,0.5487564821169831,0.14377811596054763,40.49783661564355,0.0030368388610162085,59,258
312,0.5557771867612292,0.12306105819370636,43.271612856752284,0.0031268817782066746,62,253
313,0.5647258445817128,0.13298037638164592,43.17454682000669,0.00315209926748473,58,241
314,0.6125195416761992,0.085629356981503,52.689018469469616,0.0031045588080479544,51,265
315,0.6151505185693587,0.12025532541514748,49.48951931542111,0.0028588789702360495,50,321
316,0.5278397391901167,0.1426954184296546,38.51443207604621,0.0030601649969207822,51,236
317,0.6275451841683825,0.1068886133723686,52.06565707960138,0.0029151564379363425,50,272
318,0.5432085525814078,0.1885406284372686,35.466792414413916,0.0029780644297969145,51,286
319,0.5474886562952795,0.11092331911366642,43.65653371816131,0.0030687774712888027,60,238
320,0.5845725615801113,0.14365487985425285,44.091768172585844,0.002774887300349502,53,335
321,0.6076651033325707,0.1354241895118897,47.2240913820681,0.0031684383817516984,56,210
322,0.6070597879966445,0.14923258667720765,45.78272013194369,0.0028585062558987196,50,321
323,0.5243150880805307,0.15656673797678886,36.77483501037418,0.0028817064774922284,61,266
324,0.556437314115763,0.12158102167862742,43.48562924371356,0.0031839833775861096,53,206
325,0.5232569778082818,0.20174039922364476,32.151657858463714,0.0034071218255419503,55,121
326,0.5460230305803401,0.12902804292911244,41.69949876512277,0.003273359637397404,56,155
327,0.5432967284374285,0.11805404353862604,42.52426848988024,0.0027062209339359235,68,388
328,0.4885657362922291,0.11770409406488977,37.08616422273393,0.00325374679666758,72,179
329,0.5944863875543355,0.13492174881526678,45.95646387390687,0.003302680922639963,51,185
330,0.5038702051399375,0.15140904475913605,35.246116038080146,0.0033032453054683835,61,226
331,0.5636510523907572,0.09996116899152646,46.36898833992307,0.0027970803020822585,59,342
332,0.5680097994356744,0.1227791703088312,44.52306291268432,0.0032137245957637815,56,148
333,0.5816055631815755,0.13819552741723787,44.34100357643377,0.0032282889906386876,55,238
334,0.5515018493098451,0.1200135467345477,43.148830257529745,0.0031710000074717183,62,248
335,0.5738818348204072,0.14077101102500575,43.311082379540146,0.003347610707019851,62,154
336,0.4978694806680393,0.18582697777755194,31.20425028904874,0.0033616204639295095,56,134
337,0.5756167543658964,0.0889057043032684,48.671105006262806,0.002938492910921549,65,221
338,0.4856416342560818,0.15711006547219702,32.853156878388475,0.003380134314024229,73,168
339,0.5365024212613437,0.13773713292071693,39.87652883406268,0.002835492683774259,63,280
340,0.6125433729886373,0.13240879913881892,48.013457384981834,0.002867184929446536,51,252
341,0.563009990086174,0.1455367898937614,41.747320019241265,0.0029163261033766366,54,210
342,0.5325654884465797,0.15299517735526927,37.957031109131044,0.0027159246548514584,65,340
343,0.5828829215282544,0.11762708243330848,46.525583909494586,0.002968526321052612,59,275
344,0.5972818005033173,0.15118676956745344,44.609503093586376,0.002863386141207104,58,221
345,0.6062709715549456,0.12866011751812775,47.76108540368178,0.0028840109643043462,56,307
346,0.5438210173110654,0.0893218982148724,45.449911909619296,0.003155078761990865,65,113
347,0.5847298482422024,0.13501069542126018,44.97191528209422,0.0024048729887089703,58,452
348,0.5938167276748265,0.12424347257076199,46.957325510406456,0.0027983420951534885,59,327
349,0.5899679707160832,0.15580292008122543,43.41650506348578,0.002743187003564248,51,333
350,0.5783621215587585,0.14728343460294002,43.10786869558185,0.0022029717250103714,57,417
351,0.523316556089377,0.1256928676308239,39.76236884585531,0.002777022517191187,59,402
352,0.5717155685197896,0.10864047882108141,46.30750896987082,0.0029377132915472627,60,202
353,0.5893578891176695,0.12187414469828918,46.74837444193803,0.002892231866795709,52,316
354,0.594393445435827,0.1505854455170998,44.38079999187271,0.002953737072086661,52,297
355,0.6293968771448181,0.13245725854105184,49.693961860376625,0.002935257471927342,50,382
356,0.5633436284603065,0.12443226272742643,43.89113657328801,0.002595083953131663,64,421
357,0.5941908792801037,0.11701098088384725,47.717989839625645,0.002723321153123982,61,339
358,0.6375829329672843,0.12152510737499085,51.60578255922934,0.002957856281324042,51,302
359,0.5144822885685961,0.13804293261230294,37.643935595629316,0.0024807795483718035,64,504
360,0.6164755395409136,0.122655654275632,49.38198852652816,0.002396320490936857,52,482
361,0.5839243498817966,0.1027032619485196,48.122108793327705,0.0027253787795460593,57,386
362,0.5800541447418592,0.1301544746106403,44.98996701312189,0.0027535680284088574,60,413
363,0.5828900709219859,0.12174676408394278,46.114330683804305,0.002800577507367808,57,434
364,0.5323581560283688,0.15420595372562096,37.81522023027478,0.002665836306902728,63,393
365,0.5559392396858079,0.1550328377508202,40.09064019349877,0.002917927677207212,61,359
366,0.6085254137115839,0.1311762610660098,47.73491526455741,0.003032562241681665,53,360
367,0.6320397696941966,0.13704699956304345,49.49927701311532,0.0029455648545930403,52,344
368,0.5827613818348204,0.13682737860825817,44.59340032265622,0.0025272365644465108,55,407
369,0.5653764394112712,0.13163595686528937,43.374048254598186,0.002670885485052706,66,397
370,0.5960807023564403,0.14089969190949966,45.518101044694056,0.0028197917900151925,58,361
371,0.5600644398688325,0.13618953465932526,42.38749052095072,0.0026615618450022372,55,417
372,0.5651262106306718,0.12450064550226203,44.06255651284098,0.002901734538036482,58,332
373,0.509270380538397,0.16477961894651438,34.449076159188266,0.0027979250322722345,66,322
374,0.5142296766567528,0.13685343813408324,37.73762385226696,0.0031174924028590603,58,245
375,0.6295756119881034,0.14526622144124604,48.43093905468574,0.0031217984462012455,60,244
376,0.5987784069244261,0.1390917697123096,45.96866372121164,0.002820572812434542,50,402
377,0.5351607183710821,0.13803885269878333,39.71218656722988,0.002675750318536044,59,366
378,0.5837765957446809,0.16177651010613878,42.200008563854205,0.0028933570440864316,56,310
379,0.5935712651567148,0.12683314482055816,46.67381203361566,0.002832880428817792,50,365
380,0.548684988179669,0.17187594866594982,37.680903951371924,0.0029301356005892874,60,236
381,0.5567447380462136,0.1381740089912594,41.85707290549542,0.003034927652951488,58,257
382,0.5515328300160146,0.1225123468389656,42.902048317704896,0.0029601700434528136,52,304
383,0.5726855029360177,0.12454889324413275,44.8136609691885,0.003036405850640237,57,299
384,0.6247283230382062,0.12954150350223886,49.51868195359674,0.0028603804368987104,52,406
385,0.6014475139174864,0.13822515519504647,46.32223587224399,0.0031929751504480965,52,294
386,0.6175598642568443,0.12625783466233254,49.130202959451175,0.002899716628368034,53,370
387,0.5827637649660642,0.13742976636682655,44.53339985992376,0.0028482553735850124,57,379
388,0.6207270456798596,0.13023207179639823,49.04949738834613,0.002815920202174026,51,384
389,0.5976440364523755,0.14286947267589836,45.47745637764772,0.0027993490190467343,59,400
390,0.6222355677571875,0.11520591318226976,50.702965457491764,0.002735481070401116,57,414
391,0.624961869900099,0.1287792652074467,49.61826046926524,0.0029735829179833705,51,356
392,0.5984685998627316,0.12260640744204425,47.586219242068736,0.0026777271020046478,50,435
393,0.6119118432090292,0.14022939453844213,47.16824486705871,0.0028387976690138475,56,406
394,0.5629813925112485,0.13991284760144376,42.30685449098047,0.002834603955541092,58,380
395,0.5835120681766186,0.15493322903839257,42.857883913822604,0.002847284743397609,51,365
396,0.596059254175246,0.14946053025809353,44.65987239171525,0.0026422843280438204,55,430
397,0.6327022801799741,0.12735815255209273,50.534412762788136,0.0027632077483229003,51,370
398,0.6399231678486997,0.11574742616038809,52.41757416883116,0.002702954152410553,52,396
399,0.6235439068100358,0.13351119358647753,49.00327132235582,0.0026455154876896332,56,466
400,0.5871749408983451,0.13117126815791583,45.60036727404293,0.0028623132751590718,54,336
401,0.6138088156790972,0.11947312544947024,49.43356902296269,0.0026760135821249677,52,372
402,0.5362235949058186,0.17691775379583882,35.93058411099798,0.002825063167595215,55,428
403,0.5864981316251049,0.12880537833864833,45.769275328645655,0.0028866582183640003,57,369
404,0.6138183482040723,0.1252890681788203,48.8529280025252,0.002551869285428456,52,440
405,0.6113756386791733,0.1256750785357559,48.570056014341745,0.0029744028467777297,50,251
406,0.5960616373064898,0.12801143800823075,46.805019929825896,0.002755946625060747,57,433
407,0.5794297643559826,0.13789950638731902,44.15302579686636,0.0028481428370768043,53,375
408,0.5497335659269428,0.169929423817857,37.98041421090858,0.002521476418682607,56,444
409,0.6088495195607412,0.15155628739482493,45.729323216591624,0.0028824078233659887,51,342
410,0.603651910318005,0.13544849850643328,46.820341181157175,0.0029521290065372126,52,343
411,0.632096964844048,0.1120764136766366,52.00205511674114,0.0025891481895554806,50,394
412,0.6034231297185998,0.13359514415312687,46.98279855654729,0.002745660426992096,55,355
413,0.5877182948219325,0.10896663614870371,47.87516586732288,0.0025318405596262846,55,382
414,0.631293849614886,0.10686971563501094,52.44241339798751,0.0027079472066813713,50,396
415,0.5891863036681156,0.131882074100964,45.73042295671517,0.0025858860345631444,51,352
416,0.5630886334172196,0.16150120236752324,40.15874310496964,0.002306401719679631,52,429
417,0.6173572981011209,0.11679975063757157,50.05575474635494,0.0025943915201381553,51,378
418,0.6138803096164113,0.13703984079666315,47.684046881974815,0.002744126272645242,57,430
419,0.6189730610844201,0.08862205926184148,53.03510018225786,0.0028545617036199525,52,286
420,0.6313200640585679,0.132618540774439,49.870152328412885,0.0026684733282875375,54,379
421,0.5629075154426905,0.12698990584531475,43.59176095973757,0.0030947592953588323,51,230
422,0.5089105277205827,0.1583462613649955,35.056426635558715,0.002897583352274989,54,265
423,0.5959520132692747,0.15028332513631565,44.566868813295905,0.00267014081582496,50,377
424,0.6077270647449097,0.15621770400721482,45.150936073769486,0.003037270439530302,54,253
425,0.5530937809807062,0.12227132143764717,43.0822459543059,0.0028684090389290355,55,350
426,0.5709863303591857,0.13947179083649738,43.151453952268824,0.00290638787371824,53,235
427,0.6179244833371463,0.15971743999396346,45.820704334318286,0.002622201172730347,54,309
428,0.6034040646686494,0.1295398617093592,47.38642029592902,0.002406973689923608,52,307
429,0.619301933196065,0.10786492311083634,51.143701008522854,0.002859585072502401,56,230
430,0.5730382063601006,0.15071096853273974,42.23272378273609,0.0028597571323775465,54,314
431,0.6071932433462975,0.13018924411049604,47.70039992358015,0.002796591491968553,51,341
432,0.6031991153816824,0.1318812967579526,47.13178186237298,0.002717698372941196,50,375
433,0.6263035727903606,0.13665053418640483,48.96530386039558,0.002786628775587889,52,311
434,0.5305731907267597,0.16082320932820604,36.974998139855366,0.0027029271942856322,56,249
435,0.602133855715702,0.14238524925430784,45.97486064613941,0.002721649932377405,56,252
436,0.5607388660108289,0.1481802186099522,41.25586474008767,0.0030576127464247366,57,240
437,0.5339572370929612,0.16475343733049946,36.92037997624617,0.0028532603883123283,58,209
438,0.5452985586822238,0.16229326471673014,38.300529396549365,0.0027593502720725006,56,308
439,0.5212074849386106,0.16431780629929876,35.68896786393118,0.0029354518225999703,60,218
440,0.5776447990543735,0.13661166459384505,44.103313446052844,0.0026010755831958787,52,375
441,0.5944601731106535,0.12794172941782034,46.65184436928331,0.0030907792561589795,60,193
442,0.6403688133912911,0.13101927876317818,50.93495346281129,0.002821889210082297,57,270
443,0.49467846793258596,0.1376376816268949,35.7040786305691,0.002964106031946966,63,227
444,0.5446527301151529,0.12193215034005236,42.27205797751006,0.002872512739317673,60,220
445,0.6057848127812094,0.1376343638111466,46.81504489700629,0.0029920184871013895,57,237
446,0.5469119385342789,0.1290817807098387,41.783015782444025,0.0029315620444059142,61,266
447,0.5372745557843361,0.15860057914283868,37.86739766414975,0.003069336002725457,57,145
448,0.590797300388927,0.0994852706146686,49.131202977425836,0.003093617402455789,58,164
449,0.5947985777472737,0.15141004885414683,44.33885288931269,0.002830613744744227,59,219
450,0.576071932433463,0.13439785308049024,44.16740793529728,0.002907233374779814,57,255
451,0.5769751391748646,0.10845890677634862,46.851623239851605,0.0030496723200815518,62,172
452,0.5844843857240906,0.1434020935624965,44.10822921615941,0.0032655096246555866,63,117
453,0.6356454472660719,0.12989518640738493,50.57502608586869,0.0027648967390439365,51,315
454,0.5630409707923435,0.1516856362026929,41.13553345896506,0.002841357039560578,55,212
455,0.561017692366354,0.11115828223068637,44.985941013566766,0.002890685201506041,56,253
456,0.5466688591474109,0.16917216025167908,37.749669889573184,0.002911936710967454,55,203
457,0.5798873255547928,0.14112738216544737,43.87599433893455,0.0028068258406632783,55,281
458,0.5771800884618318,0.13371992935511676,44.3460159106715,0.0028714381644739783,53,230
459,0.6319587432319073,0.11271962375550897,51.92391194763984,0.0027025537064253448,50,325
460,0.5710220773278426,0.10268901368814086,46.83330636397017,0.0028330077704720505,60,251
461,0.6283721307099825,0.1142516986638252,51.412043204615735,0.00267873108740107,53,345
462,0.6103175284069245,0.13825047537946283,47.20670530274617,0.0031133902435935114,55,175
463,0.6148001982765194,0.14817534160088744,46.6624856675632,0.0028428190598772628,54,284
464,0.601440364523755,0.09951002250899517,50.19303420147598,0.0027719411990365086,51,314
465,0.6401710134980555,0.14044848621152742,49.97225272865281,0.0028038526290600175,53,272
466,0.609593056508808,0.12477633390617238,48.481672260263565,0.002673899426659774,51,327
467,0.622521543506444,0.13764875256543924,48.48727909410047,0.0029780289770736036,57,261
468,0.6361745024021963,0.12837624384269938,50.77982585594969,0.0027002134109958015,52,331
469,0.6169593151834057,0.12597011757261858,49.09891976107872,0.0029170379074045546,52,283
470,0.5486349424235492,0.1649040911759025,38.373085124764664,0.0029554860908688686,53,235
471,0.5917362540989858,0.15793440167178024,43.38018524272055,0.0027473279552220433,51,348
472,0.6117021276595745,0.11631394869590811,49.538817896366645,0.002824912983620409,59,250
473,0.6190731525966598,0.15716666801590004,46.19064845807598,0.0027400705762490227,52,306
474,0.5986592503622359,0.120467177498698,47.81920728635379,0.0027682889207808394,57,271
475,0.6111015785861359,0.11846374853161003,49.26378300545259,0.002812880110746829,50,287
476,0.5920698924731184,0.1327884426060754,45.9281449867043,0.002719464994328993,53,344
477,0.6062828872111644,0.14591654160470113,46.03663456064633,0.0027870562344741792,56,279
478,0.5596259437199725,0.13916322096347708,42.04627227564954,0.0029677435275885303,60,208
479,0.6137635361854649,0.11843468233134512,49.53288538541197,0.002859502055188443,56,237
480,0.618765728666209,0.13745705586193507,48.130867280427395,0.002779639170655746,57,269
481,0.6036614428429803,0.0958889241317756,50.77725187112046,0.0027174826218258536,52,306
482,0.5531938724929458,0.1408174920616746,41.23763804312712,0.0027197293693609677,54,309
483,0.5539159612598185,0.15067340807660762,40.324255318321086,0.002762744168713713,55,270
484,0.6048649241211012,0.13326577594775119,47.159914817335,0.002798265761055149,58,233
485,0.602169602684359,0.11096614788745449,49.12034547969045,0.0028275828832733593,58,234
486,0.6208890986044383,0.09180779041104092,52.90813081933974,0.0027237121358652146,54,299
487,0.6077628117135667,0.131308304476397,47.645450723716976,0.002830280244704701,57,250
488,0.6288082437275986,0.1424093527778358,48.639889094976276,0.0027980989982149423,52,303
489,0.5672305155189507,0.10467986479418641,46.25506507247643,0.0029289989679646446,58,217
490,0.5441737207351484,0.1705301744302287,37.36435463049197,0.0028576705773463466,54,252
491,0.6185131167543659,0.13428291400052517,48.423020275384076,0.0027368319290162796,56,289
492,0.5967575116296805,0.15246432639410207,44.42931852355784,0.0027854795479499744,54,291
493,0.5971840921223214,0.14143919174969785,45.57449003726235,0.002818073521656124,59,235
494,0.6171571150766414,0.12320060851888213,49.395650655775924,0.0027352265779906344,51,310
495,0.597820388164417,0.12712654108540214,47.069384707901484,0.002853184221507012,57,243
496,0.6043573171661709,0.09835364272250499,50.60036744436659,0.0027397822674860703,57,279
497,0.6092069892473119,0.1162149918863545,49.29919973609574,0.0027385772367696875,52,322
498,0.6192495043087013,0.14225225587728005,47.69972484314212,0.0027745758314883283,55,279
499,0.5684578281095096,0.16970111724264245,39.875671086686715,0.002707225265952578,56,301
500,0.5749518607488752,0.13478777040717538,44.01640903416998,0.002751845925992225,57,265
501,0.6191374971402426,0.1311533631316406,48.7984134008602,0.002813367407889612,53,290
502,0.6238775451841684,0.14575829025461753,47.81192549295509,0.0026819743869796195,52,326
503,0.6340987950888431,0.10396461070463135,53.013418438421176,0.0028079826598135784,58,252
504,0.5771467246244185,0.18245658316349964,39.46901414609189,0.002732343108668547,55,305
505,0.5904445969648441,0.12216484446951686,46.82797524953272,0.0026934165434486955,54,311
506,0.5830950202089529,0.08251954218169676,50.05754780272561,0.0027474219159498115,53,302
507,0.5301537596278503,0.11377950407100676,41.637425555684345,0.0027899151761183955,58,273
508,0.5748231716617097,0.1507466399071474,42.407653175456225,0.0028409387974402517,56,261
509,0.5739294974452833,0.15025255509019167,42.36769423550917,0.002765366256808204,55,295
510,0.5566875428963624,0.12720101069465378,42.948653220170854,0.0028650891847156897,58,248
511,0.6258817585602076,0.1485521151837147,47.732964337649285,0.002664552037521081,53,322
512,0.6217875390833525,0.13497763533360593,48.680990374974655,0.0026895635178322873,53,308
513,0.6232150346983909,0.13440864453139328,48.88063901669976,0.002746279202536617,53,310
514,0.5794655113246397,0.14482389748379548,43.46416138408443,0.0027419269871720993,54,301
515,0.615851159155037,0.1282365533944942,48.761460576054276,0.00266519412274012,54,314
516,0.6417724776938917,0.12102311931467662,52.07493583792151,0.0027927827171994163,55,282
517,0.5632316212918478,0.1456810718305159,41.755054946133185,0.0026590797418548653,52,337
518,0.5573071570197514,0.16683273192797068,39.047442509178076,0.0027301362357488486,52,308
519,0.6401900785480058,0.11633067128901621,52.38594072589896,0.002781459237801686,57,267
520,0.6066808701288798,0.11870612658298374,48.79747435458961,0.002694397546679888,54,314
521,0.6064973690231068,0.12485414152727624,48.16432274958306,0.0027300078475654575,54,311
522,0.5659650728284907,0.11397533519297008,45.19897376355206,0.0026993509619893685,52,320
523,0.6196165065202471,0.12903353558449862,49.05829709357485,0.00272704081992472,51,330
524,0.5440521810417144,0.18234907176313828,36.17031092785761,0.0028849604536720403,55,253
525,0.5880090368336764,0.12542930756369525,46.25797292699812,0.002751536615639081,54,293
526,0.5659245595973461,0.15024941510188067,41.56751444954654,0.002717330931781462,54,305
527,0.5467093723785555,0.13283619013657277,41.387318224198275,0.0027509809235206273,57,277
528,0.6049054373522459,0.11773497090116297,48.71704664510829,0.0027830561112804414,56,278
529,0.5801065736292229,0.14069289984422836,43.94136737849945,0.002825692873625545,57,258
530,0.6137897506291466,0.11813843208854337,49.565131854060326,0.002761213786860397,54,300
531,0.5927228704339206,0.12929896684582448,46.34239035880961,0.0027025635195941293,54,318
532,0.5992979295355754,0.1527160669804052,44.658186255517016,0.0027399146506011645,53,309
533,0.6276047624494776,0.13782819252660677,48.97765699228708,0.002791597822600581,55,288
534,0.5759670746587356,0.11300538988708576,46.29616847716499,0.0027809818266185398,55,287
535,0.6287653473652101,0.1520677965200858,47.669755084512424,0.0027176409408872283,55,304
536,0.5898535804163808,0.1332150802576818,45.6638500158699,0.0027638181395524507,55,287
537,0.5837170174635857,0.1528920632889096,43.08249541746761,0.002805874394838777,55,280
538,0.5794535956684207,0.14309907194570354,43.635452372271715,0.002761299795541437,54,300
539,0.615681956836727,0.0984334291734951,51.724852766323195,0.0027613358219040628,54,298
540,0.5892601807366735,0.14650603120364308,44.27541495330304,0.0027190787395397374,54,312
541,0.5886358003507969,0.1566776078847585,43.19581924660384,0.0027283326835501887,52,312
542,0.5769441584686952,0.13210025041157294,44.48439080571222,0.002793304758816411,55,280
543,0.5655075116296805,0.1567324922148204,40.877501941486,0.002759028416627831,53,304
544,0.605341550369862,0.11642073664466597,48.892081372519606,0.0028065938747107704,55,283
545,0.5757144627468924,0.1510350313346758,42.46794314122167,0.00274712644076951,53,307
546,0.6104748150690155,0.11928625077519277,49.11885642938227,0.002783939199022628,56,274
547,0.5896176504232441,0.1347988462101602,45.48188042130839,0.0027271052234278228,53,315
548,0.6096526347899031,0.1375513454632567,47.21012893266464,0.0027798143318806556,56,271
549,0.5814101464195836,0.13647646549474537,44.49336809248382,0.0028431516061727296,59,237
550,0.589071913368413,0.11565334418615036,47.34185691822626,0.0028149515188633993,57,261
551,0.5615586631586975,0.08210151599412727,47.94571471645702,0.0027799967994097162,55,284
552,0.5802066651414627,0.12481472667377447,45.539193846768825,0.0027725023057092175,55,287
553,0.616239609547777,0.12784699187654874,48.83926176712283,0.002783416975202264,55,281
554,0.603883074048654,0.1361695379658459,46.77135360828081,0.002790840545641905,56,263
555,0.5561179745290933,0.14614034674501858,40.99776277840747,0.0027943400384871464,55,279
556,0.5655027453671929,0.15819966854088666,40.73030768263063,0.0027736835898071206,56,270
557,0.5655527911233128,0.12189208799366606,44.36607031296467,0.0028078486308652268,57,259
558,0.624015766796309,0.11954972499752116,50.44660417987878,0.0027849856902123263,55,282
559,0.5608127430793869,0.15370456858390763,40.710817449547925,0.0027559857863225356,55,286
560,0.5831593647525356,0.12765876064716963,45.550060410536595,0.002762315718078705,54,284
561,0.5838766872569207,0.13789765270421142,44.597903455270924,0.002786906157711442,56,269
562,0.5772372836116831,0.10534867011326614,47.1888613498417,0.0028065624156475622,55,266
563,0.560433825211622,0.17387568050424687,38.65581447073752,0.0027611064551615293,56,270
564,0.6250285975749257,0.11056018259156784,51.446841498335786,0.0028019859268911245,55,268
565,0.5578052314497063,0.12907306396713097,42.87321674825753,0.0027598973859611496,55,290
566,0.6394846716998399,0.10578720933400709,53.36974623658328,0.0028224734199133765,55,268
567,0.5915551361244568,0.11646748993528343,47.50876461891733,0.002736168651674136,55,298
568,0.5640538015709602,0.13316957856800538,43.088422300295484,0.002798111517983039,54,287
569,0.5735910928086632,0.12848905654525514,44.510203626340804,0.0028300704501760454,56,268
570,0.6334267520780905,0.1347643507038696,49.86624013742209,0.0028255232931279016,56,251
571,0.6141400709219859,0.10741182092504006,50.672824999694576,0.0027438688264197326,53,296
572,0.5534321856173263,0.14702666498958175,40.64055206277446,0.00282847720505575,56,260
573,0.5943624647296576,0.110698787875178,48.36636768544796,0.002819019653554196,56,269
574,0.5719538816441698,0.15499005280788647,41.69638288362834,0.002764959371087567,55,290
575,0.6501730153283001,0.1287436092051018,52.14294061231983,0.002756676982577129,52,293
576,0.5519927743460687,0.16655806738296355,38.54347069631052,0.0028474672698166584,56,238
577,0.6069716121406238,0.13320871914094737,47.376289299967645,0.0028062443401777964,54,280
578,0.5645709410508656,0.1468336931488208,41.77372479020448,0.0027805911245323547,54,281
579,0.5623498627316403,0.14700126819441267,41.53485945372277,0.00274316617072033,53,291
580,0.631050770228018,0.10886043756311614,52.219033266490186,0.0027650232008249575,55,275
581,0.5617016510333257,0.1513640510247823,41.03376000085434,0.00281850219279127,56,247
582,0.6132916761991917,0.11596944197750175,49.73222342216899,0.0027569284620505567,55,274
583,0.5529913063372226,0.1436333193181376,40.935798701908496,0.0028241361671049415,55,252
584,0.6193543620834286,0.11568112463774427,50.36732374456844,0.0027939550655861345,54,279
585,0.5906519293830551,0.11701564831236329,47.36362810706918,0.002770162804632227,54,278
586,0.54988846945779,0.14578111918162878,40.41073502761613,0.0027960232868911245,55,271
587,0.614745386257912,0.13011448768659772,48.46308985713142,0.0027474863587428344,52,305
588,0.6498918058415313,0.13199737927509173,51.789442656643956,0.0027499241863706237,54,296
589,0.5925179211469535,0.13254208447874508,45.99758366682084,0.0027870211959296347,54,284
590,0.5629718599862732,0.13867157079822245,42.43002891880507,0.0027489580561617048,54,284
591,0.5587894646533974,0.14699291248240826,41.17965521709891,0.0028555754045705675,55,265
592,0.5787315069015481,0.13266642150132404,44.6065085400224,0.0027736488664296625,53,298
593,0.5811885152139098,0.13520700402200111,44.59815111919087,0.0027289070164519366,55,286
594,0.5974128727217266,0.1318259544904056,46.5586918231321,0.0028125191155590206,56,262
595,0.5852279226721574,0.14171758690813993,44.35103357640175,0.002774903856942074,55,282
596,0.5841364485624952,0.1449186861895394,43.92177623729558,0.002768657388082003,53,291
597,0.5729119004041792,0.140436538431856,43.247536197232314,0.002821731545936875,56,256
598,0.6185655456417296,0.10323217196096261,51.5333373680767,0.0027339006943220756,54,297
599,0.5734028254404026,0.13438446811796606,43.90183573224365,0.002770426223894692,54,288
600,0.5972722679783421,0.14836378581026696,44.89084821680751,0.002752616791828976,54,281
601,0.5384375238313124,0.1253697267506662,41.30677970806462,0.0028037598889437162,56,272
602,0.5689249218332951,0.13088941100570967,43.803551082758545,0.0028145227395591655,55,272
603,0.5866482688934646,0.15790338877241802,42.87448801210465,0.0027217764531146564,53,290
604,0.6373446198429039,0.11838033358647924,51.896428625642464,0.0027452565974757795,53,305
605,0.6150861740257759,0.11417769607708664,50.09084779486893,0.002729635873565546,54,305
606,0.6012068176618622,0.13435827468678152,46.684854297508075,0.002737197972952098,53,305
607,0.6347851368870586,0.11256099963892734,52.22241372481313,0.0027328140146965435,54,299
608,0.617490753450774,0.15278317303544198,46.4707580415332,0.0027817848432754285,54,283
609,0.5948843704720507,0.12044823625172284,47.44361342203278,0.002730020740989828,54,293
610,0.6578276328833982,0.13949161599503765,51.83360168883605,0.0026843709410447505,52,320
611,0.5489709639289254,0.14240680500799535,40.65641589209301,0.002750681339633061,55,287
612,0.6016929764355983,0.14843100255817604,45.326197387742226,0.0027485524851806496,54,293
613,0.5961760276061924,0.11167331958978079,48.45027080164116,0.002692277593949067,53,319
614,0.5943481659421948,0.14097700297859067,45.337116296360406,0.0027351367004815564,54,301
615,0.6220639823076336,0.13446885427429406,48.759512803333955,0.0027411999173598428,53,315
616,0.5782119842903989,0.1237079018182245,45.45040824721744,0.0027997575250540787,55,277
617,0.6310245557843361,0.14452532199258786,48.64992337917483,0.002641039367909482,51,344
618,0.5678310645923892,0.1317071305617465,43.61239340306427,0.0026759682329253,52,323
619,0.6362054831083658,0.12757448601425286,50.863099709411294,0.0026662086155792475,51,329
620,0.6270137459010142,0.14836088655743385,47.865285934358035,0.0027005674922200833,52,315
621,0.6104462174940899,0.11869343752608827,49.17527799680016,0.0026716350653773757,53,335
622,0.5956565049950431,0.138598106351041,45.70583986440021,0.002725331380635189,53,299
623,0.6405546976283077,0.14450361593937253,49.60510816889352,0.0026594349437133037,50,342
624,0.586581541218638,0.14637177452219352,44.020976669644455,0.002670459048292939,51,342
625,0.6291466483642187,0.12444370314441013,50.47029452198086,0.002621106963532269,50,356
626,0.6054082780446884,0.12886734139313674,47.65409366515517,0.0026565712086335847,51,333
627,0.6061279836803172,0.11389413802968079,49.22338456506364,0.0027078599214883665,52,318
628,0.6062328414550446,0.11650108831855392,48.97317531364907,0.0026578533230164096,50,340
629,0.6553563257835736,0.11900271678209459,53.6353609001479,0.002697277113579629,51,326
630,0.5600477579501258,0.13329117957995712,42.67565783701687,0.002717741579944517,53,305
631,0.592329653778693,0.13837599149652355,45.395366228216936,0.002874572974920587,55,257
632,0.5949963776405095,0.13747620017004764,45.75201774704619,0.002626229844962002,50,354
633,0.5869270952489894,0.131628125460952,45.52989697880374,0.002707029900838645,52,315
634,0.6292157591702892,0.10214907490930612,52.706668426098304,0.002676026861190071,50,332
635,0.6171594982078853,0.12414477609359147,49.301472211429385,0.0027046033071461396,53,309
636,0.5546523488141538,0.1675193404406799,38.71330083734739,0.002654251172148387,50,344
637,0.6018526462289332,0.12973988767569772,47.21127585532355,0.0027255100144264084,53,315
638,0.5856783344772363,0.1419049903296275,44.377334414760874,0.002727736751089902,51,309
639,0.6092546518721879,0.1283519130271187,48.09027388450692,0.0026983287910389716,50,324
640,0.6206912987112027,0.11903311553277392,50.16581831784287,0.0026924257190889893,50,326
641,0.5504318233813773,0.12125583044707548,42.91759929343018,0.002748698427990969,54,288
642,0.5964381720430109,0.11891297248603815,47.75251995569727,0.0026805243778790736,52,325
643,0.5930064630519333,0.14333730360653174,44.966915944540155,0.00269356312114675,52,327
644,0.625278826355525,0.10539347436628901,51.9885351989236,0.0027919202749057083,55,284
645,0.5693586517196675,0.16993371790543446,39.942493381423304,0.002670512885930427,52,331
646,0.6174097269884847,0.1296110551440875,48.77986718443972,0.0027263609862212893,53,313
647,0.6390509418134674,0.08114938061223397,55.79015612012335,0.0027707449803930813,53,298
648,0.535489590482727,0.15738517555849124,37.81044149242358,0.0027860328825248136,54,288
649,0.6221044955387782,0.1339748249983109,48.81296705404673,0.002730147432964784,52,308
650,0.5711317013650575,0.1696236911998314,40.150801016522614,0.002702746145856941,52,323
651,0.5887263593380615,0.13063266559370135,45.80936937443602,0.002658085361088847,50,341
652,0.6096407191336841,0.13028706767650436,47.93536514571798,0.002702069795462032,52,312
653,0.6641476969419661,0.11254582035833456,55.16018765836315,0.002705677189761265,52,312
654,0.5505962594371997,0.15962429369469602,39.09719657425037,0.002793314085708173,54,283
655,0.5928062800274537,0.10180410778463483,49.10021722428189,0.0027627415272164853,53,307
656,0.5659197933348585,0.15034380804190897,41.55759852929496,0.002691008939771546,51,320
657,0.6628441241516052,0.13199331635680817,53.08508077947971,0.002790361559025499,53,291
658,0.6073886601082895,0.1271874159314241,48.02012441768654,0.002730549472381931,53,308
659,0.5711340844963014,0.1740680481895621,39.70660363067393,0.0027140111601106453,52,320
660,0.5666394989704874,0.15987596935103163,40.676352961945575,0.002768937756478977,54,289
661,0.6060564897430031,0.1345720160797711,47.1484473663232,0.0027046763997183145,52,315
662,0.5979014146267062,0.14011686031975285,45.77845543069534,0.002718505161478666,53,314
663,0.606397277510867,0.11894266529682311,48.74546122140439,0.0027801112403752657,54,287
664,0.6881744261419964,0.12214901730628405,56.60254088357124,0.0027445756873476067,52,304
665,0.6097527263021428,0.11579843832870079,49.3954287973442,0.002745217849189606,52,311
666,0.5736077747273698,0.1341757104767103,43.94320642506595,0.0027021989714638844,51,325
667,0.6129389727751087,0.12704353128086399,48.58954414942447,0.002741086414506489,50,320
668,0.5878588995653168,0.08913926090751226,49.87196386578046,0.002758128788390264,53,295
669,0.594345782810951,0.14110560661266378,45.324017619828716,0.002740914636718072,52,311
670,0.5800374628231526,0.12883490024950084,45.12025625736518,0.0027590854772666772,53,300
671,0.6413006177076185,0.12746567768617253,51.383494002144595,0.0027370727796196623,52,307
672,0.6579944520704644,0.13816771866670335,51.982673340376095,0.002701130587832177,51,325
673,0.5728737703042782,0.16152954940016387,41.13442209041144,0.00270976897316958,52,309
674,0.6431117974529094,0.12764275602014766,51.54690414327617,0.0026988478875252485,50,329
675,0.6084420041180507,0.11425561207099363,49.418639204705705,0.0027467595696404386,52,305
676,0.5758097879966445,0.16981961740934676,40.59901705872978,0.0026787573685132207,51,333
677,0.5850110577289712,0.1431176565055132,44.1893401223458,0.0027310378857965507,51,313
678,0.6190540875467093,0.11088604369458521,50.81680438521241,0.0027001549853081347,51,321
679,0.5866006062685885,0.1543306679345038,43.226993833408464,0.002696642738069288,51,319
680,0.5468356783344772,0.15929223673867354,38.75434415958037,0.0027210926469168825,51,315
681,0.5740629527949364,0.1807253764310432,39.333757636389315,0.0027168235658676693,51,320
682,0.5857069320521621,0.1101078780798268,47.55990539723353,0.002750198087247319,51,310
683,0.5723518645618851,0.14569729365610035,42.66545709057848,0.0027656387834825093,52,302
684,0.6205745252802563,0.13725584130306803,48.33186839771882,0.0026924013531070224,50,331
685,0.6505185693586517,0.12503326145529872,52.5485307903353,0.00270144478829607,50,327
686,0.6269017387325554,0.12327566784962646,50.3626070882929,0.0027149738929221935,51,318
687,0.5789984176008541,0.14255617005835977,43.644224754249436,0.0027588360702729647,52,302
688,0.6722622588271182,0.14648688478291597,52.57753740442023,0.0026785254216495653,50,338
689,0.6302524212613437,0.12791093118279714,50.234149007854654,0.0026989269122758017,50,328
690,0.5825373674979027,0.09732786209733461,48.52095054005681,0.0027294741047760723,51,313
691,0.596397658811866,0.10992396218113713,48.64736966307289,0.0027389220253741173,51,313
692,0.6118427324029589,0.12594253034035083,48.59002020626081,0.0027354891755034918,51,312
693,0.6020575955159002,0.12789936605069308,47.41582294652071,0.0026783781019142573,50,333
694,0.6202814001372684,0.12914573806397875,49.113566207328965,0.0027546399667902097,52,310
695,0.6533187485701212,0.10839064292397634,54.49281056461448,0.002689556463775094,50,331
696,0.6004585144513078,0.1271590322703705,47.32994821809373,0.002692407421146021,50,338
697,0.543680412567681,0.1644674264765827,37.921298609109826,0.0026785231659596912,50,332
698,0.5901276405094181,0.14210934574766076,44.80182947617573,0.0027236739873218066,52,313
699,0.59214615267292,0.14542403095105114,44.67221217218689,0.0026756454286478524,50,338
700,0.5832070273774117,0.09520105352439821,48.800597385301344,0.00274829881087206,52,308
701,0.6114304506977808,0.13577167106810767,47.56587796296731,0.0027281616636472155,52,313
702,0.586131129413559,0.1056962633244307,48.043486608912836,0.0027004804229995684,52,321
703,0.5844772363303592,0.12561573736114973,45.88614989692095,0.0027039740359774355,51,326
704,0.5850658697475787,0.15499448663169865,43.007138311588,0.0027429378331531307,52,311
705,0.6090091893540762,0.14130415610597444,46.77050332481018,0.002738372785775833,52,317
706,0.639713452299245,0.12414146502757173,51.55719872716733,0.0027396271325604493,52,309
707,0.609094982078853,0.11594261981580864,49.315236226304435,0.002701527174883194,51,325
708,0.5858213223518646,0.12608170528033172,45.973961707153286,0.002717694200838042,52,313
709,0.5308258026386029,0.16001286410863355,37.081293852996936,0.002752469364315763,53,306
710,0.6546151719667505,0.10457832343816374,55.00368485285867,0.0027413875492485573,52,307
711,0.595306184702204,0.11430419251574529,48.10019921864587,0.0027116225451156574,51,323
712,0.586412338900328,0.11707620244207917,46.93361364582488,0.0026816033597830825,50,332
713,0.597906180889194,0.14325152406538144,45.46546568238126,0.0027341020087714237,53,307
714,0.6066236749790285,0.10792266774313782,49.87010072358907,0.002752339570253894,52,305
715,0.6083514451307862,0.1442241913066086,46.41272538241776,0.0027586264304316327,52,302
716,0.5894579806299092,0.14642985706025619,44.3028123569653,0.002713344465486756,51,322
717,0.6573319415846869,0.08660165348511005,57.073028809957684,0.002721362871230859,51,317
718,0.5826183939601921,0.15375012661224768,42.88682673479444,0.0027438328437339727,51,311
719,0.5985448600625333,0.13595430767634917,46.25905523861841,0.0027590800031716068,53,297
720,0.5472741744833372,0.16206617750573843,38.52079969775987,0.0027404024736321204,53,304
721,0.6048267940212003,0.14650174046933714,45.83250535518631,0.0027507260795096764,51,309
722,0.5952156257149394,0.13664371832534394,45.85719073895954,0.002719415476395258,51,317
723,0.6013950850301227,0.1293200119712536,47.207507305886914,0.002793365695250803,54,282
724,0.6481688019522611,0.10406204477069077,54.41067571815703,0.002746850649651812,53,300
725,0.578915008007321,0.12653879216872968,45.23762158385913,0.0027762002718251517,52,299
726,0.6003012277892169,0.13081743828754563,46.948378950167125,0.002717330013717216,50,325
727,0.5940264432242812,0.12147502388778517,47.255141933649604,0.0027687821862423774,53,292
728,0.6012687790742012,0.14611829735409332,45.515048172010786,0.0027314188203852547,51,313
729,0.5995886715473194,0.123440338777525,47.61483327697944,0.002764666653591487,53,300
730,0.6175956112255013,0.12217271656056182,49.54228946649395,0.0027446032870624055,53,297
731,0.5600286929001754,0.1742184483349153,38.581024456526016,0.002758304401537538,53,297
732,0.5833690803019903,0.12565984110637943,45.77092391956109,0.0027737817598265865,54,291
733,0.5975939906962556,0.12404771316774675,47.35462775285089,0.0027313962591909943,53,304
734,0.5796728437428506,0.1418746689016735,43.77981748411771,0.0027732761615851436,54,283
735,0.6229409746053535,0.12803777835258232,49.49031962527711,0.0027705778112802207,54,283
736,0.5681337222603523,0.14971430921837992,41.84194130419724,0.0027690785001331314,53,292
737,0.5669540722946694,0.13533359577546855,43.16204765192009,0.0027667070712715488,54,291
738,0.6558663158697476,0.12958679401542833,52.62795218543192,0.0027296926826463944,52,308
739,0.5519165141462671,0.15102543694429774,40.089107720196935,0.0027552687761349852,54,286
740,0.5357255204758636,0.16408932981205815,37.16361906638055,0.0027186154139557934,53,304
741,0.5497049683520171,0.15434326011373684,39.53617082382802,0.002771106333764121,54,289
742,0.6289440822084954,0.12501003022115503,50.39340519873403,0.0027094957155888114,51,319
743,0.5906137992831542,0.1136953433517695,47.69184559313847,0.0027799578026267784,54,282
744,0.568624647296576,0.15633510000913542,41.22895472874406,0.0027311693872213005,52,310
745,0.6064997521543506,0.13273550029692732,47.37642518574233,0.0027478426598700175,53,299
746,0.5801280218104171,0.1444914101945833,43.563661161583376,0.0027239354696680317,52,310
747,0.579193834362846,0.13526363144440331,44.393020291844266,0.002756079347684657,53,300
748,0.6107274269808587,0.1169227898074586,49.38046371734001,0.002691015212724,51,323
749,0.5841078509875696,0.13930291792593757,44.4804933061632,0.0027167291211339737,51,319
750,0.6495414855486922,0.1159915560989051,53.354992944978704,0.0027083642983805204,50,326
751,0.6011210249370854,0.12189759292207207,47.922343201501334,0.0027115719394942193,52,310
752,0.5960759360939525,0.1315501225195506,46.452581357440195,0.0027016443697836594,52,317
753,0.552767292000305,0.10166200598059646,45.110528601970856,0.0027759044768686093,53,287
754,0.6151386029131397,0.1177073662909054,49.74312366222343,0.00274227001513852,52,305
755,0.6191303477465111,0.1305197521669997,48.86105955795114,0.002749192748165171,53,298
756,0.6170808548768397,0.11168036868891176,50.540048618792795,0.0027038409638688366,51,321
757,0.6446632158926255,0.11337438133064884,53.12888345619767,0.0026761670289175464,50,333
758,0.6295732288568595,0.11397052023264889,51.56027086242106,0.0027188375078013244,51,311
759,0.6563214939373142,0.09910885011837746,55.721264381893675,0.0026911775543817227,50,336
760,0.650563848852284,0.13705114563574183,51.35127032165422,0.0026897422196921848,50,330
761,0.6239347403340196,0.1081613047459745,51.577343558804515,0.0027479819363063936,53,298
762,0.5822633074048654,0.08346350371578964,49.87998036890758,0.0027242428108150336,50,326
763,0.6079486959505833,0.1479519739558001,45.999672199478326,0.002695585984211324,50,332
764,0.5806570769465416,0.11689741697853878,46.375965996800275,0.0027440206036499558,51,312
765,0.6196451040951727,0.13732336804667092,48.23217360485018,0.002685289984038735,51,331
766,0.6117497902844505,0.11308802277918181,49.86617675052687,0.002696324527881435,51,328
767,0.6335983375276444,0.12765026867050208,50.59480688571423,0.00269616633399231,51,329
768,0.6462408487760237,0.12593619332241832,52.030465545360535,0.002662822405410958,51,340
769,0.5620948676885533,0.14051005239537895,42.158481529317434,0.0026788083343659815,51,328
770,0.5751520437733547,0.17620926986245664,39.89427739108981,0.002708411166598903,51,325
771,0.5949320330969267,0.12514901885031698,46.97830142466097,0.0027488893688610585,55,299
772,0.6292610386639212,0.14715177779631342,48.210926086760786,0.0026689837759694577,50,339
773,0.6137063410356135,0.10627209128885726,50.74342497467562,0.002652135724670325,50,342
774,0.5540041371158392,0.12410850596547773,42.98956311503615,0.002703219174012613,53,311
775,0.589412701136277,0.13259423799140524,45.681846314487174,0.002705744127554061,53,316
776,0.5794964920308091,0.11743042399440362,46.20660680364055,0.002719490176826428,53,306
777,0.616945016395943,0.13033033057334925,48.661468582259374,0.0027361063771966813,54,301
778,0.5154736711660185,0.15935729352950206,35.61163776365164,0.0028554444797970844,58,248
779,0.6265633340959353,0.11824341814575749,50.83199159501779,0.002642976703854013,53,337
780,0.6646195569282392,0.12788673055426503,53.67328263739741,0.002707420446212447,51,320
781,0.6013831693739038,0.130889031948587,47.04941374253168,0.00279612730299108,56,264
782,0.608463452299245,0.1192335972195034,48.92298550797417,0.0027448409809541223,54,297
783,0.5528101883626935,0.15391922689162504,39.88909614710684,0.0027769686232400324,56,274
784,0.6013021429116144,0.1569390950971142,44.43630478145002,0.0026801117461561145,54,318
785,0.5877778731030275,0.12655866265426707,46.121921044876046,0.002697836648740437,52,314
786,0.6026605277205827,0.11350614392619648,48.91543837943861,0.0026734291551809876,50,334
787,0.6291657134141692,0.13973939084370932,48.94263225704598,0.002727282503443928,54,302
788,0.5936665904064669,0.13866967255513574,45.49969178513311,0.002728814576098126,55,292
789,0.5560202661480973,0.12851158118113284,42.75086849669645,0.00281297871247485,56,268
790,0.5961664950812171,0.1495539953061412,44.66124997750759,0.002779042079186317,54,286
791,0.6138469457789979,0.13330047660630598,48.054646917269196,0.0026588936012319677,51,341
792,0.5724424235491496,0.12798295553337494,44.44594680157748,0.0027678594877853973,56,275
793,0.5926537596278503,0.15966898509563002,43.29847745322203,0.002681147797216335,52,320
794,0.5547190764889803,0.13345419804242972,42.12648784465506,0.0027828611767916974,55,283
795,0.5813958476321208,0.17797987917389457,40.34159684582262,0.002680164912995557,51,331
796,0.5878112369404408,0.12378067530097701,46.403056163946374,0.0027303154165182167,53,313
797,0.6416271066880195,0.10803862983390683,53.35884768541126,0.002682193337148111,52,326
798,0.6445297605429726,0.10599775957633636,53.85320009666362,0.00268092144707555,53,321
799,0.6153292534126439,0.12077282227338804,49.45564311392558,0.0026817821531942053,52,324
800,0.5924440440783955,0.1163007250289517,47.61433190494437,0.002696406950096689,52,323
801,0.6163230191413102,0.13583014097753734,48.04928781637729,0.002664862836311999,53,331
802,0.5876706321970564,0.14017632157544488,44.74943106216115,0.002725625367275827,55,290
803,0.6385171204148555,0.12965883618986337,50.885828422499216,0.0026574830182338337,52,333
804,0.5684554449782658,0.1669427688455085,40.151267613275735,0.0026792014095741337,50,341
805,0.6178458400061008,0.1301605266264027,48.768531337969804,0.0026936243378416222,53,322
806,0.630674235491497,0.11671154130922685,51.396269418227014,0.0026980082935984025,54,315
807,0.6111992869671319,0.13580736647478722,47.53919204923447,0.0026230602087517108,50,358
808,0.6121096431022649,0.09672670466153743,51.53829384407275,0.002596811644130777,50,367
809,0.6027201060016777,0.1300090613798791,47.271104462179856,0.002663470905164767,52,331
810,0.622302295432014,0.1287315528975814,49.35707425344326,0.0026167047662021877,50,357
811,0.6288416075650117,0.11213989052319775,51.6701717041814,0.002720847656429272,54,298
812,0.5767058453443149,0.12951885686698192,44.71869884773329,0.0027178971994423437,57,283
813,0.6127387897506291,0.12706157464366666,48.56772151069625,0.002657584025224055,52,330
814,0.6355310569663692,0.1259397470775021,50.95913098888671,0.0027048575440728616,53,309
815,0.5797705521238466,0.16151777767740752,41.825277444643916,0.0027668716231244853,56,278
816,0.6205959734614505,0.14259876599238877,47.799720746906175,0.0026487048343708268,51,340
817,0.5893769541676198,0.17306514652634594,41.631180764127386,0.0026599106767387086,51,337
818,0.6140089987035765,0.13313437599937095,48.08746227042056,0.002715103894954024,54,305
819,0.6254218142301533,0.13242791690412586,49.29938973260274,0.0026723924848897304,52,327
820,0.6274260276061924,0.13991510322907433,48.751092437711804,0.0026761186208817543,53,320
821,0.6351497559673607,0.133502678630593,50.164707733676764,0.002701852480264047,52,310
822,0.5504270571188897,0.12052372171108712,42.99033354078026,0.0026299041162736792,51,346
823,0.58335001525204,0.12525876891593735,45.80912463361027,0.0027054440965690136,52,315
824,0.6349066765804926,0.11951953424095027,51.53871423395423,0.0026489928307110748,52,330
825,0.5714724891329216,0.10435046082636341,46.71220283065582,0.0027383965916831137,54,294
826,0.635414283535423,0.15452875344043113,48.08855300949918,0.0026587223036900597,51,334
827,0.6379856821474873,0.12575073279223187,51.22349493552554,0.0026805215380956786,52,317
828,0.5952203919774269,0.13809888067080237,45.71215113066246,0.0026629850854292605,53,322
829,0.5874132540227256,0.13334378878053696,45.40694652421886,0.002582015720147423,51,353
830,0.5968528368794326,0.15987554094002515,43.69772959394074,0.0026571043331859922,52,323
831,0.5738985167391139,0.14688606555186548,42.70124511872484,0.0027083986842255264,54,296
832,0.6262535270342409,0.11820866868562238,50.80448583486184,0.0026593806144552547,51,328
833,0.6149836993822924,0.09130324383927627,52.36804555430161,0.0026656111910882355,53,317
834,0.5907138907953939,0.12855101103631897,46.2162879759075,0.0026489095581488536,52,324
835,0.5878708152215358,0.13576462606200582,45.210618915953006,0.0027209700233254896,53,312
836,0.5966455044612218,0.12734012226755434,46.930538219366746,0.002698874259462381,54,302
837,0.5867793411118737,0.14247469108010774,44.43046500317659,0.00265403761197924,51,335
838,0.6113851712041486,0.12469968670539738,48.66854844987512,0.002625495568341428,51,340
839,0.6212894646533974,0.12391843794297966,49.737102671041775,0.0026477380386743794,52,325
840,0.6031729009380005,0.12862089049098746,47.4552010447013,0.002663377491950976,51,331
841,0.6264727751086707,0.09468950932054644,53.17832657881243,0.002634479159435426,53,339
842,0.6084229390681003,0.11726332428556199,49.11596147825384,0.0026879780188095383,53,303
843,0.5635747921909555,0.17760510154182613,38.59696906491294,0.002599155302350195,50,352
844,0.5348556775718752,0.1743586246006572,36.049705297121804,0.002713505625229734,52,298
845,0.5683029245786625,0.18475956742691424,38.35433571517483,0.0026207731396430266,51,336
846,0.6104843475939908,0.12381902943672474,48.66653181572661,0.002666589102252274,52,318
847,0.5635843247159308,0.1276494957224229,43.59348289935079,0.0026339206860954887,52,338
848,0.6066951689163426,0.1310408867577087,47.565428215863385,0.00265592410236999,52,325
849,0.5645852398383283,0.1492372275174901,41.534801232083815,0.0026471440876721522,54,323
850,0.6065235834667887,0.13737587821903308,46.91477052477556,0.0026402598150459776,53,328
851,0.6092475024784565,0.10025709504595728,50.89904074324993,0.002627966171629422,50,343
852,0.6540193891557996,0.11824561187974673,53.57737772760529,0.00264157871720653,52,340
853,0.6198047738885076,0.12280061421488489,49.700415967362275,0.0026986337007826994,56,300
854,0.5858094066956455,0.12625307625465634,45.95563304409892,0.0026305253546926675,54,330
855,0.5877278273469076,0.15226752130762042,43.54603060392872,0.0026240069486209547,51,343
856,0.6391557995881949,0.12132471912598874,51.78310804622062,0.002615188448579222,50,354
857,0.602169602684359,0.14873116143342224,45.34384412509368,0.002594801726669875,50,366
858,0.6324306032181805,0.1184956183049729,51.393498491320756,0.0026420309464951887,52,330
859,0.5753903568977351,0.13535022660792884,44.00401302898062,0.00263070912245953,51,344
860,0.5983160794631281,0.13698278692767915,46.1333292535449,0.002628792787853688,50,345
861,0.5976321207961566,0.13064165513889833,46.69904656572582,0.002614943193212577,52,358
862,0.6311818424464272,0.12949912689489665,50.168271555153055,0.002604180170562813,50,363
863,0.6113756386791734,0.12229004913707676,48.90855895420967,0.0026381684586073506,51,345
864,0.5744299550064821,0.11704815032283448,45.73818046836476,0.002621545792559752,52,336
865,0.6094643674216428,0.14014769234043684,46.9316675081206,0.002618329248197581,50,354
866,0.6007897696941966,0.13926016695968346,46.15296027345131,0.0026493438775421164,53,328
867,0.6584186494318616,0.1351210729218109,52.32975765100507,0.0026152400224201794,51,353
868,0.6082394379623275,0.09705998960301515,51.11794483593124,0.0026078572333966808,50,350
869,0.5895223251734919,0.15446879903363392,43.5053526139858,0.002649110539342043,51,338
870,0.6332003546099291,0.1311064263074611,50.20939283024679,0.0025985429898678844,52,353
871,0.6065092846793259,0.13154637425157192,47.4962910427754,0.0025919187158070563,50,365
872,0.6477589033783268,0.13141162094745892,51.63472824308678,0.002588593947353889,50,363
873,0.618389193929688,0.11541836579199435,50.297082813769364,0.0026016997691470463,50,352
874,0.6052366925951346,0.1398738498038676,46.5362842791267,0.002618543057220695,51,343
875,0.5969386296042095,0.12706889987972325,46.986972972448626,0.002636740083569167,50,345
876,0.6071312819339587,0.11815558458148158,48.897569735247714,0.002603752167021088,50,356
877,0.6191637115839242,0.12868032413759967,49.04833874463246,0.0025967464938067733,51,351
878,0.6251477541371159,0.1270692880978526,49.80784660392633,0.0025493408361840957,50,382
879,0.6541647601616717,0.10486833883267095,54.92964213290007,0.0026240856239221665,51,342
880,0.6321565431251429,0.11450037466190563,51.765616846323724,0.0025834932666004783,50,362
881,0.6176647220315717,0.13407517743627737,48.358954459529436,0.0025701968795169595,50,364
882,0.5985377106688019,0.1387140105456665,45.98237001231354,0.002606334238838662,52,351
883,0.6426685350415617,0.14150652946681436,50.11620055747474,0.0026084469944683553,52,352
884,0.6266872569206131,0.12699083964907265,49.96964172715405,0.002643763264213754,52,332
885,0.6335840387401815,0.11932007369565112,51.426396504453045,0.0025829310718355853,50,363
886,0.5795179402120033,0.15529245727670327,42.422548293530006,0.002602447622460339,50,361
887,0.6058157934873788,0.12336336943608539,48.24524240512934,0.002598413125505995,51,352
888,0.6075888431327691,0.12057996147125898,48.70088816615101,0.0026254751675206262,52,342
889,0.6119046938152978,0.14140738664140443,47.04973071738934,0.002612957062010517,51,349
890,0.6342799130633722,0.12905900055408218,50.522091250929,0.002583515586082186,50,360
891,0.5611225501410814,0.12462601698422605,43.64965331568553,0.0025866521341745027,50,360
892,0.598573457637459,0.14085858040248586,45.77148772349731,0.0026159886644866958,51,342
893,0.5550169678944559,0.10418511758889573,45.08318503055602,0.0026057914755398376,51,355
894,0.6119285251277359,0.09868962964416801,51.32388954835678,0.002598725856730311,50,353
895,0.6073266986959506,0.11235449242214127,49.49722062738093,0.0026013662705363216,51,349
896,0.6344657973003889,0.12941420592686337,50.50515913735255,0.00260234264989311,51,351
897,0.6203648097308015,0.09728746311394482,52.30773466168568,0.002581050031386142,50,363
898,0.592875390833524,0.11984733938898891,47.302805144453515,0.0025751403107424184,50,366
899,0.6376210630671852,0.13792884351775972,49.969221954942554,0.0025817132758896434,51,362
900,0.5816341607565011,0.13420220424678092,44.74319565097202,0.002616456936258145,52,342
901,0.6171451994204225,0.12378932083418841,49.335587858623406,0.002589306197458242,50,359
902,0.6126363151071456,0.1066362983929465,50.6000016714199,0.002602069452190142,50,348
903,0.6014236826050484,0.13371926564800318,46.77044169570452,0.002584757529682534,50,360
904,0.5428105696636925,0.1544377037773129,38.83728658863795,0.0025932261396274265,51,355
905,0.639944616029894,0.1153583767364552,52.45862392934389,0.0025842335819927656,50,354
906,0.6098957141767712,0.1375773826181203,47.2318331558651,0.0025652412290754264,50,368
907,0.6272091626630062,0.13482477624441738,49.238438641858885,0.0025888999939234214,50,361
908,0.61736921375734,0.1309974684680761,48.63717452892639,0.0026181487040187012,52,342
909,0.6403688133912911,0.10138239558993753,53.89864178013536,0.0025857886928642303,50,364
910,0.5847369976359338,0.13171338663500895,45.30236110009248,0.0025696559105947226,50,370
911,0.6092355868222374,0.13808721170329566,47.11483751189418,0.0025791446349396575,50,366
912,0.5946770380538398,0.1247405699411698,46.993646811267,0.0025916753084745973,50,354
913,0.635790818271944,0.1291281680562244,50.66626502157195,0.00259815449943542,51,359
914,0.5512563867917334,0.15410920344730022,39.71471833444332,0.002588845218631769,50,355
915,0.6328476511858461,0.1134378999723305,51.94097512135156,0.002576178975622207,50,367
916,0.6065259665980326,0.1299740365177844,47.655193008024824,0.002580710115751247,50,365
917,0.6242373980019827,0.12812205747423736,49.611534052774545,0.0025832982474760942,50,360
918,0.6001296423396628,0.14084133112734867,45.92883112123142,0.002590237586272947,51,357
919,0.6466126172500573,0.11400232738478774,53.261028986526945,0.0025886793854422384,50,359
920,0.6245924845573095,0.14682396052920105,47.776852402810846,0.0025817331032809724,51,366
921,0.6140947914283535,0.13155182940964952,48.2542962018704,0.0025814633096938244,50,365
922,0.6036900404179059,0.09702283675202006,50.66672036658858,0.0025670430272807724,50,371
923,0.5880185693586517,0.1657122973467864,42.230627201186536,0.00257278465645183,50,364
924,0.635764603828262,0.12452913008511869,51.123547374314334,0.00256987363730745,50,367
925,0.607004975978037,0.13725041684343348,46.97545591346036,0.002605287151857051,51,351
926,0.6177981773812248,0.11594266331344874,50.185551406777606,0.002573510367616063,50,365
927,0.6267754327766338,0.10869107555149254,51.808435722514126,0.0025824690825864208,51,367
928,0.6098170708457257,0.12977774151066693,48.00393293350588,0.002593957899383551,51,357
929,0.6195688438953709,0.12122754346040297,49.83413004349679,0.002582204676130803,50,363
930,0.6366821093571265,0.12353484617972918,51.31472631773973,0.0025947666236175687,50,353
931,0.592706188515214,0.12405438430293239,46.86518042122816,0.0025719023449590553,50,366
932,0.6316846831388698,0.1445979794198728,48.70867037189971,0.0025745754961611226,50,369
933,0.5701522344238542,0.15155185184000186,41.86003825838524,0.002576948157178196,50,367
934,0.5923916151910319,0.1503912780972563,44.200033709377564,0.002574301612783239,50,367
935,0.6207151300236405,0.12095898548919809,49.975614453444244,0.0026038139679488968,51,355
936,0.6179197170746588,0.1402514118622088,47.766830521245,0.002570683157460573,50,370
937,0.5703929306794784,0.15416557272292247,41.62273579565559,0.002580299829522592,50,366
938,0.6204839662929917,0.13015272268982347,49.033124360316826,0.0025853768306849188,51,363
939,0.5746277548997178,0.1559140187452914,41.87137361544264,0.0026004198130456582,51,355
940,0.6349424235491496,0.12388272599426225,51.105969755488736,0.0025951682055362774,50,359
941,0.6636949020056432,0.12953261386227918,53.4162288143364,0.002584344090570509,50,362
942,0.6187561961412339,0.13648845092954404,48.226774521168984,0.002600150423862138,51,355
943,0.6245996339510409,0.11270335254023194,51.1896281410809,0.0025847798474506493,51,365
944,0.5695230877754899,0.16057925350323157,40.89438342722583,0.00257728237030508,50,367
945,0.584041123312743,0.1363687485833216,44.76723747294214,0.002597909793225528,52,360
946,0.5687009074963777,0.12850235334782462,44.01985541485531,0.002593473682124549,50,354
947,0.5970982993975444,0.15785113864085487,43.924716075668954,0.00258756954780002,50,363
948,0.6123908525890339,0.14630726297867963,46.60835896103543,0.0025833605811080448,51,366
949,0.5880495500648212,0.17276322050264784,41.528632956217336,0.0025669889842093695,50,372
950,0.6009661214062381,0.1300938702108,47.08722511954381,0.0025888909123774452,51,361
951,0.6261510523907573,0.09966885311497449,52.648219927578275,0.0025798420989017862,50,365
952,0.6188562876534737,0.10881364988633048,51.00426377671432,0.002584052191481763,50,364
953,0.6443867726683444,0.11372741493245118,53.065935773589324,0.0025840273692383908,51,367
954,0.6331479257225654,0.12411240363304153,50.903552208952384,0.0025887069395088575,50,361
955,0.6244304316327308,0.10831789280080334,51.611253883192745,0.0025889748341623177,50,359
956,0.5821155532677496,0.14221457732763837,43.99009759401112,0.002594433190811992,50,358
957,0.5746277548997178,0.1571697835256498,41.745797137406804,0.0025754584105344208,50,369
958,0.5982350530008389,0.11845756153611127,47.97774914647277,0.002590378316794974,51,360
959,0.6043263364600016,0.1348787022933513,46.944763416665026,0.0025801358999073165,50,364
960,0.569461126363151,0.1565697831562695,41.289134320688156,0.002584526721205244,51,364
961,0.5777282086479066,0.15382711312765268,42.39010955202539,0.002577311477596032,51,370
962,0.6127983680317243,0.1415681773036237,47.12301907281006,0.0025761009138863637,50,367
963,0.5660151185846106,0.1260489169776108,43.99662016069998,0.002584605959454637,50,362
964,0.6335006291466484,0.1058668497479095,52.76337793987389,0.00258393101416073,51,368
965,0.6205697590177687,0.14022315607726202,48.03466029405067,0.0025867252699648324,51,363
966,0.6178124761686875,0.13696132966622504,48.08511465024625,0.002573133362760376,50,370
967,0.6145690345458705,0.1380392570503142,47.65297774955564,0.002573945609774579,50,370
968,0.6016548463356974,0.13438606323366847,46.7268783102029,0.0025836828403018566,51,367
969,0.577091912605811,0.16479200288274765,41.22999097230634,0.0025861912833258804,51,365
970,0.6009160756501182,0.13441432690987837,46.65017487402398,0.0025710191811956495,51,376
971,0.6160847060169298,0.13416404799785697,48.19206580190728,0.0025916894707775566,51,362
972,0.6101983718447342,0.15652006035091057,45.36783114938237,0.002586882475059985,51,367
973,0.6218733318081293,0.13676199387337015,48.51113379347591,0.002604738446736192,51,356
974,0.6373827499428049,0.12933039290317844,50.80523570396265,0.002609216169649479,52,355
975,0.5725472813238771,0.14081349112630992,43.173379019756716,0.0026057028626836408,51,352
976,0.5580554602303058,0.18173707211914494,37.63183881111609,0.002579433599983397,51,370
977,0.5979705254327766,0.11285099872564583,48.51195267071308,0.0025986981130249544,51,358
978,0.5694825745443454,0.15033406425023166,41.91485102941137,0.0025901976103381336,51,367
979,0.6219591245329062,0.11437522083595597,50.75839036969503,0.002604744994839919,50,352
980,0.6234747960039656,0.1434355691216465,48.00392268823191,0.002576888771540916,50,365
981,0.5771800884618318,0.13562713798959952,44.15529504722323,0.0026059194073935876,52,358
982,0.5955826279264852,0.12107094233344116,47.4511685593044,0.002611229003711842,52,351
983,0.5870271867612292,0.14493091766865096,44.20962690925783,0.002591052606049488,51,361
984,0.628255357279036,0.13509693614064247,49.31584211383936,0.0026034257100462713,50,352
985,0.6224548158316175,0.1182189573729559,50.42358584586617,0.0026223938781738446,52,348
986,0.6171023030580339,0.1237590632310819,49.3343239826952,0.002595967680959664,50,359
987,0.5804163806909174,0.1570398754950562,42.33765051958612,0.002596479555340108,51,360
988,0.6263369366277739,0.1359683109198849,49.0368625707889,0.0025973402161165713,51,359
989,0.5576241134751773,0.13646292462531315,42.116118884986406,0.0026300070362639664,52,345
990,0.6307147487226417,0.12046001840993915,51.02547303127025,0.0026030567315579864,51,354
991,0.5781810035842293,0.1548197381510942,42.33612654331351,0.0026008702596476423,51,360
992,0.627576164874552,0.12995860758987257,49.761755728467946,0.002619664618508102,51,348
993,0.6273974300312667,0.13044412277949136,49.695330725177534,0.0026086391390678447,51,352
994,0.61000772134523,0.12123794710313844,48.87697742420915,0.002609920494899114,51,353
995,0.6287653473652101,0.15929198252951868,46.94733648356914,0.002587924733677811,50,361
996,0.6039331198047738,0.10570734182861324,49.822577797616056,0.002613283425967277,52,351
997,0.6210249370853352,0.14644470627681283,47.45802308085224,0.0026013259194126058,51,358
998,0.5984852817814383,0.1232988751967489,47.51864065846895,0.0026062325643511587,51,356
999,0.5969624609166476,0.13069751652685255,46.626494438979506,0.002622599830359668,52,349
